ISO-10303-21;
HEADER;
/* Generated by software containing ST-Developer
 * from STEP Tools, Inc. (www.steptools.com) 
 */

FILE_DESCRIPTION(
/* description */ (''),
/* implementation_level */ '2;1');

FILE_NAME(
/* name */ 'PCB CASE STEP.step',
/* time_stamp */ '2026-09-09T14:36:25+10:00',
/* author */ (''),
/* organization */ (''),
/* preprocessor_version */ 'ST-DEVELOPER v20.1',
/* originating_system */ 'Autodesk Translation Framework v15.8.0.0',
/* authorisation */ '');

FILE_SCHEMA (('AUTOMOTIVE_DESIGN { 1 0 10303 214 3 1 1 }'));
ENDSEC;

DATA;
#10=MECHANICAL_DESIGN_GEOMETRIC_PRESENTATION_REPRESENTATION('',(#13,#14),
#2776);
#11=SHAPE_REPRESENTATION_RELATIONSHIP('SRR','None',#2783,#12);
#12=ADVANCED_BREP_SHAPE_REPRESENTATION('',(#15,#16),#2775);
#13=STYLED_ITEM('',(#2792),#15);
#14=STYLED_ITEM('',(#2792),#16);
#15=MANIFOLD_SOLID_BREP('Body1',#1755);
#16=MANIFOLD_SOLID_BREP('Body3',#1756);
#17=FACE_OUTER_BOUND('',#103,.T.);
#18=FACE_OUTER_BOUND('',#104,.T.);
#19=FACE_OUTER_BOUND('',#105,.T.);
#20=FACE_OUTER_BOUND('',#106,.T.);
#21=FACE_OUTER_BOUND('',#107,.T.);
#22=FACE_OUTER_BOUND('',#108,.T.);
#23=FACE_OUTER_BOUND('',#109,.T.);
#24=FACE_OUTER_BOUND('',#110,.T.);
#25=FACE_OUTER_BOUND('',#111,.T.);
#26=FACE_OUTER_BOUND('',#112,.T.);
#27=FACE_OUTER_BOUND('',#113,.T.);
#28=FACE_OUTER_BOUND('',#114,.T.);
#29=FACE_OUTER_BOUND('',#115,.T.);
#30=FACE_OUTER_BOUND('',#116,.T.);
#31=FACE_OUTER_BOUND('',#117,.T.);
#32=FACE_OUTER_BOUND('',#118,.T.);
#33=FACE_OUTER_BOUND('',#119,.T.);
#34=FACE_OUTER_BOUND('',#120,.T.);
#35=FACE_OUTER_BOUND('',#121,.T.);
#36=FACE_OUTER_BOUND('',#122,.T.);
#37=FACE_OUTER_BOUND('',#123,.T.);
#38=FACE_OUTER_BOUND('',#124,.T.);
#39=FACE_OUTER_BOUND('',#125,.T.);
#40=FACE_OUTER_BOUND('',#126,.T.);
#41=FACE_OUTER_BOUND('',#127,.T.);
#42=FACE_OUTER_BOUND('',#128,.T.);
#43=FACE_OUTER_BOUND('',#129,.T.);
#44=FACE_OUTER_BOUND('',#130,.T.);
#45=FACE_OUTER_BOUND('',#131,.T.);
#46=FACE_OUTER_BOUND('',#132,.T.);
#47=FACE_OUTER_BOUND('',#133,.T.);
#48=FACE_OUTER_BOUND('',#134,.T.);
#49=FACE_OUTER_BOUND('',#135,.T.);
#50=FACE_OUTER_BOUND('',#136,.T.);
#51=FACE_OUTER_BOUND('',#137,.T.);
#52=FACE_OUTER_BOUND('',#138,.T.);
#53=FACE_OUTER_BOUND('',#139,.T.);
#54=FACE_OUTER_BOUND('',#140,.T.);
#55=FACE_OUTER_BOUND('',#141,.T.);
#56=FACE_OUTER_BOUND('',#142,.T.);
#57=FACE_OUTER_BOUND('',#143,.T.);
#58=FACE_OUTER_BOUND('',#144,.T.);
#59=FACE_OUTER_BOUND('',#145,.T.);
#60=FACE_OUTER_BOUND('',#146,.T.);
#61=FACE_OUTER_BOUND('',#147,.T.);
#62=FACE_OUTER_BOUND('',#148,.T.);
#63=FACE_OUTER_BOUND('',#149,.T.);
#64=FACE_OUTER_BOUND('',#150,.T.);
#65=FACE_OUTER_BOUND('',#151,.T.);
#66=FACE_OUTER_BOUND('',#152,.T.);
#67=FACE_OUTER_BOUND('',#153,.T.);
#68=FACE_OUTER_BOUND('',#154,.T.);
#69=FACE_OUTER_BOUND('',#155,.T.);
#70=FACE_OUTER_BOUND('',#156,.T.);
#71=FACE_OUTER_BOUND('',#157,.T.);
#72=FACE_OUTER_BOUND('',#158,.T.);
#73=FACE_OUTER_BOUND('',#159,.T.);
#74=FACE_OUTER_BOUND('',#160,.T.);
#75=FACE_OUTER_BOUND('',#161,.T.);
#76=FACE_OUTER_BOUND('',#162,.T.);
#77=FACE_OUTER_BOUND('',#163,.T.);
#78=FACE_OUTER_BOUND('',#164,.T.);
#79=FACE_OUTER_BOUND('',#165,.T.);
#80=FACE_OUTER_BOUND('',#166,.T.);
#81=FACE_OUTER_BOUND('',#167,.T.);
#82=FACE_OUTER_BOUND('',#168,.T.);
#83=FACE_OUTER_BOUND('',#169,.T.);
#84=FACE_OUTER_BOUND('',#170,.T.);
#85=FACE_OUTER_BOUND('',#171,.T.);
#86=FACE_OUTER_BOUND('',#172,.T.);
#87=FACE_OUTER_BOUND('',#173,.T.);
#88=FACE_OUTER_BOUND('',#174,.T.);
#89=FACE_OUTER_BOUND('',#175,.T.);
#90=FACE_OUTER_BOUND('',#176,.T.);
#91=FACE_OUTER_BOUND('',#177,.T.);
#92=FACE_OUTER_BOUND('',#178,.T.);
#93=FACE_OUTER_BOUND('',#179,.T.);
#94=FACE_OUTER_BOUND('',#180,.T.);
#95=FACE_OUTER_BOUND('',#181,.T.);
#96=FACE_OUTER_BOUND('',#182,.T.);
#97=FACE_OUTER_BOUND('',#183,.T.);
#98=FACE_OUTER_BOUND('',#184,.T.);
#99=FACE_OUTER_BOUND('',#185,.T.);
#100=FACE_OUTER_BOUND('',#186,.T.);
#101=FACE_OUTER_BOUND('',#187,.T.);
#102=FACE_OUTER_BOUND('',#188,.T.);
#103=EDGE_LOOP('',(#1091,#1092,#1093,#1094));
#104=EDGE_LOOP('',(#1095,#1096,#1097,#1098));
#105=EDGE_LOOP('',(#1099,#1100,#1101,#1102));
#106=EDGE_LOOP('',(#1103,#1104,#1105,#1106));
#107=EDGE_LOOP('',(#1107,#1108,#1109,#1110));
#108=EDGE_LOOP('',(#1111,#1112,#1113,#1114));
#109=EDGE_LOOP('',(#1115,#1116,#1117,#1118));
#110=EDGE_LOOP('',(#1119,#1120,#1121,#1122));
#111=EDGE_LOOP('',(#1123,#1124,#1125,#1126));
#112=EDGE_LOOP('',(#1127,#1128,#1129,#1130));
#113=EDGE_LOOP('',(#1131,#1132,#1133,#1134));
#114=EDGE_LOOP('',(#1135,#1136,#1137,#1138));
#115=EDGE_LOOP('',(#1139,#1140,#1141,#1142));
#116=EDGE_LOOP('',(#1143,#1144,#1145,#1146));
#117=EDGE_LOOP('',(#1147,#1148,#1149,#1150));
#118=EDGE_LOOP('',(#1151,#1152,#1153,#1154));
#119=EDGE_LOOP('',(#1155,#1156,#1157,#1158));
#120=EDGE_LOOP('',(#1159,#1160,#1161,#1162));
#121=EDGE_LOOP('',(#1163,#1164,#1165,#1166));
#122=EDGE_LOOP('',(#1167,#1168,#1169,#1170));
#123=EDGE_LOOP('',(#1171,#1172,#1173,#1174));
#124=EDGE_LOOP('',(#1175,#1176,#1177,#1178));
#125=EDGE_LOOP('',(#1179,#1180,#1181,#1182));
#126=EDGE_LOOP('',(#1183,#1184,#1185,#1186));
#127=EDGE_LOOP('',(#1187,#1188,#1189,#1190));
#128=EDGE_LOOP('',(#1191,#1192,#1193,#1194));
#129=EDGE_LOOP('',(#1195,#1196,#1197,#1198));
#130=EDGE_LOOP('',(#1199,#1200,#1201,#1202));
#131=EDGE_LOOP('',(#1203,#1204,#1205,#1206));
#132=EDGE_LOOP('',(#1207,#1208,#1209,#1210));
#133=EDGE_LOOP('',(#1211,#1212,#1213,#1214));
#134=EDGE_LOOP('',(#1215,#1216,#1217,#1218));
#135=EDGE_LOOP('',(#1219,#1220,#1221,#1222));
#136=EDGE_LOOP('',(#1223,#1224,#1225,#1226));
#137=EDGE_LOOP('',(#1227,#1228,#1229,#1230));
#138=EDGE_LOOP('',(#1231,#1232,#1233,#1234));
#139=EDGE_LOOP('',(#1235,#1236,#1237,#1238));
#140=EDGE_LOOP('',(#1239,#1240,#1241,#1242));
#141=EDGE_LOOP('',(#1243,#1244,#1245,#1246));
#142=EDGE_LOOP('',(#1247,#1248,#1249,#1250));
#143=EDGE_LOOP('',(#1251,#1252,#1253,#1254));
#144=EDGE_LOOP('',(#1255,#1256,#1257,#1258,#1259,#1260,#1261,#1262,#1263,
#1264,#1265,#1266,#1267,#1268,#1269,#1270,#1271,#1272,#1273,#1274,#1275,
#1276,#1277,#1278,#1279,#1280,#1281,#1282,#1283,#1284,#1285,#1286,#1287,
#1288,#1289,#1290,#1291,#1292,#1293,#1294,#1295));
#145=EDGE_LOOP('',(#1296,#1297,#1298,#1299,#1300,#1301,#1302,#1303,#1304,
#1305,#1306,#1307,#1308,#1309,#1310,#1311,#1312,#1313,#1314,#1315,#1316,
#1317,#1318,#1319,#1320,#1321,#1322,#1323,#1324,#1325,#1326,#1327,#1328,
#1329,#1330,#1331,#1332,#1333,#1334,#1335,#1336));
#146=EDGE_LOOP('',(#1337,#1338,#1339,#1340));
#147=EDGE_LOOP('',(#1341,#1342,#1343,#1344));
#148=EDGE_LOOP('',(#1345,#1346,#1347,#1348));
#149=EDGE_LOOP('',(#1349,#1350,#1351,#1352));
#150=EDGE_LOOP('',(#1353,#1354,#1355,#1356,#1357,#1358,#1359,#1360,#1361,
#1362,#1363,#1364,#1365,#1366,#1367,#1368,#1369,#1370,#1371,#1372,#1373,
#1374,#1375,#1376,#1377,#1378,#1379,#1380,#1381,#1382,#1383,#1384,#1385,
#1386,#1387,#1388,#1389,#1390,#1391,#1392,#1393));
#151=EDGE_LOOP('',(#1394,#1395,#1396,#1397));
#152=EDGE_LOOP('',(#1398,#1399,#1400,#1401,#1402,#1403,#1404,#1405,#1406,
#1407,#1408,#1409,#1410,#1411,#1412,#1413,#1414,#1415,#1416,#1417,#1418,
#1419,#1420,#1421,#1422,#1423,#1424,#1425,#1426,#1427,#1428,#1429,#1430,
#1431,#1432,#1433,#1434,#1435,#1436,#1437,#1438));
#153=EDGE_LOOP('',(#1439,#1440,#1441,#1442));
#154=EDGE_LOOP('',(#1443,#1444,#1445,#1446));
#155=EDGE_LOOP('',(#1447,#1448,#1449,#1450));
#156=EDGE_LOOP('',(#1451,#1452,#1453,#1454));
#157=EDGE_LOOP('',(#1455,#1456,#1457,#1458));
#158=EDGE_LOOP('',(#1459,#1460,#1461,#1462));
#159=EDGE_LOOP('',(#1463,#1464,#1465,#1466));
#160=EDGE_LOOP('',(#1467,#1468,#1469,#1470));
#161=EDGE_LOOP('',(#1471,#1472,#1473,#1474));
#162=EDGE_LOOP('',(#1475,#1476,#1477,#1478));
#163=EDGE_LOOP('',(#1479,#1480,#1481,#1482));
#164=EDGE_LOOP('',(#1483,#1484,#1485,#1486));
#165=EDGE_LOOP('',(#1487,#1488,#1489,#1490));
#166=EDGE_LOOP('',(#1491,#1492,#1493,#1494));
#167=EDGE_LOOP('',(#1495,#1496,#1497,#1498));
#168=EDGE_LOOP('',(#1499,#1500,#1501,#1502));
#169=EDGE_LOOP('',(#1503,#1504,#1505,#1506));
#170=EDGE_LOOP('',(#1507,#1508,#1509,#1510));
#171=EDGE_LOOP('',(#1511,#1512,#1513,#1514));
#172=EDGE_LOOP('',(#1515,#1516,#1517,#1518));
#173=EDGE_LOOP('',(#1519,#1520,#1521,#1522));
#174=EDGE_LOOP('',(#1523,#1524,#1525,#1526));
#175=EDGE_LOOP('',(#1527,#1528,#1529,#1530));
#176=EDGE_LOOP('',(#1531,#1532,#1533,#1534));
#177=EDGE_LOOP('',(#1535,#1536,#1537,#1538));
#178=EDGE_LOOP('',(#1539,#1540,#1541,#1542));
#179=EDGE_LOOP('',(#1543,#1544,#1545,#1546));
#180=EDGE_LOOP('',(#1547,#1548,#1549,#1550));
#181=EDGE_LOOP('',(#1551,#1552,#1553,#1554));
#182=EDGE_LOOP('',(#1555,#1556,#1557,#1558));
#183=EDGE_LOOP('',(#1559,#1560,#1561,#1562));
#184=EDGE_LOOP('',(#1563,#1564,#1565,#1566));
#185=EDGE_LOOP('',(#1567,#1568,#1569,#1570));
#186=EDGE_LOOP('',(#1571,#1572,#1573,#1574));
#187=EDGE_LOOP('',(#1575,#1576,#1577,#1578));
#188=EDGE_LOOP('',(#1579,#1580,#1581,#1582));
#189=LINE('',#2280,#435);
#190=LINE('',#2282,#436);
#191=LINE('',#2284,#437);
#192=LINE('',#2285,#438);
#193=LINE('',#2288,#439);
#194=LINE('',#2290,#440);
#195=LINE('',#2291,#441);
#196=LINE('',#2294,#442);
#197=LINE('',#2296,#443);
#198=LINE('',#2297,#444);
#199=LINE('',#2300,#445);
#200=LINE('',#2302,#446);
#201=LINE('',#2303,#447);
#202=LINE('',#2306,#448);
#203=LINE('',#2308,#449);
#204=LINE('',#2309,#450);
#205=LINE('',#2312,#451);
#206=LINE('',#2314,#452);
#207=LINE('',#2315,#453);
#208=LINE('',#2318,#454);
#209=LINE('',#2320,#455);
#210=LINE('',#2321,#456);
#211=LINE('',#2324,#457);
#212=LINE('',#2326,#458);
#213=LINE('',#2327,#459);
#214=LINE('',#2330,#460);
#215=LINE('',#2332,#461);
#216=LINE('',#2333,#462);
#217=LINE('',#2336,#463);
#218=LINE('',#2338,#464);
#219=LINE('',#2339,#465);
#220=LINE('',#2342,#466);
#221=LINE('',#2344,#467);
#222=LINE('',#2345,#468);
#223=LINE('',#2348,#469);
#224=LINE('',#2350,#470);
#225=LINE('',#2351,#471);
#226=LINE('',#2354,#472);
#227=LINE('',#2356,#473);
#228=LINE('',#2357,#474);
#229=LINE('',#2360,#475);
#230=LINE('',#2362,#476);
#231=LINE('',#2363,#477);
#232=LINE('',#2366,#478);
#233=LINE('',#2368,#479);
#234=LINE('',#2369,#480);
#235=LINE('',#2372,#481);
#236=LINE('',#2374,#482);
#237=LINE('',#2375,#483);
#238=LINE('',#2378,#484);
#239=LINE('',#2380,#485);
#240=LINE('',#2381,#486);
#241=LINE('',#2384,#487);
#242=LINE('',#2386,#488);
#243=LINE('',#2387,#489);
#244=LINE('',#2390,#490);
#245=LINE('',#2392,#491);
#246=LINE('',#2393,#492);
#247=LINE('',#2396,#493);
#248=LINE('',#2398,#494);
#249=LINE('',#2399,#495);
#250=LINE('',#2402,#496);
#251=LINE('',#2404,#497);
#252=LINE('',#2405,#498);
#253=LINE('',#2408,#499);
#254=LINE('',#2410,#500);
#255=LINE('',#2411,#501);
#256=LINE('',#2414,#502);
#257=LINE('',#2416,#503);
#258=LINE('',#2417,#504);
#259=LINE('',#2420,#505);
#260=LINE('',#2422,#506);
#261=LINE('',#2423,#507);
#262=LINE('',#2426,#508);
#263=LINE('',#2428,#509);
#264=LINE('',#2429,#510);
#265=LINE('',#2432,#511);
#266=LINE('',#2434,#512);
#267=LINE('',#2435,#513);
#268=LINE('',#2438,#514);
#269=LINE('',#2440,#515);
#270=LINE('',#2441,#516);
#271=LINE('',#2444,#517);
#272=LINE('',#2446,#518);
#273=LINE('',#2447,#519);
#274=LINE('',#2450,#520);
#275=LINE('',#2452,#521);
#276=LINE('',#2453,#522);
#277=LINE('',#2456,#523);
#278=LINE('',#2458,#524);
#279=LINE('',#2459,#525);
#280=LINE('',#2462,#526);
#281=LINE('',#2464,#527);
#282=LINE('',#2465,#528);
#283=LINE('',#2468,#529);
#284=LINE('',#2470,#530);
#285=LINE('',#2471,#531);
#286=LINE('',#2474,#532);
#287=LINE('',#2476,#533);
#288=LINE('',#2477,#534);
#289=LINE('',#2480,#535);
#290=LINE('',#2482,#536);
#291=LINE('',#2483,#537);
#292=LINE('',#2486,#538);
#293=LINE('',#2488,#539);
#294=LINE('',#2489,#540);
#295=LINE('',#2492,#541);
#296=LINE('',#2494,#542);
#297=LINE('',#2495,#543);
#298=LINE('',#2498,#544);
#299=LINE('',#2500,#545);
#300=LINE('',#2501,#546);
#301=LINE('',#2504,#547);
#302=LINE('',#2506,#548);
#303=LINE('',#2507,#549);
#304=LINE('',#2510,#550);
#305=LINE('',#2512,#551);
#306=LINE('',#2513,#552);
#307=LINE('',#2516,#553);
#308=LINE('',#2518,#554);
#309=LINE('',#2519,#555);
#310=LINE('',#2521,#556);
#311=LINE('',#2522,#557);
#312=LINE('',#2528,#558);
#313=LINE('',#2530,#559);
#314=LINE('',#2532,#560);
#315=LINE('',#2533,#561);
#316=LINE('',#2537,#562);
#317=LINE('',#2539,#563);
#318=LINE('',#2541,#564);
#319=LINE('',#2542,#565);
#320=LINE('',#2545,#566);
#321=LINE('',#2547,#567);
#322=LINE('',#2548,#568);
#323=LINE('',#2551,#569);
#324=LINE('',#2553,#570);
#325=LINE('',#2554,#571);
#326=LINE('',#2557,#572);
#327=LINE('',#2559,#573);
#328=LINE('',#2561,#574);
#329=LINE('',#2563,#575);
#330=LINE('',#2565,#576);
#331=LINE('',#2567,#577);
#332=LINE('',#2569,#578);
#333=LINE('',#2571,#579);
#334=LINE('',#2573,#580);
#335=LINE('',#2574,#581);
#336=LINE('',#2576,#582);
#337=LINE('',#2578,#583);
#338=LINE('',#2580,#584);
#339=LINE('',#2582,#585);
#340=LINE('',#2584,#586);
#341=LINE('',#2586,#587);
#342=LINE('',#2588,#588);
#343=LINE('',#2590,#589);
#344=LINE('',#2592,#590);
#345=LINE('',#2594,#591);
#346=LINE('',#2596,#592);
#347=LINE('',#2598,#593);
#348=LINE('',#2600,#594);
#349=LINE('',#2602,#595);
#350=LINE('',#2604,#596);
#351=LINE('',#2606,#597);
#352=LINE('',#2608,#598);
#353=LINE('',#2610,#599);
#354=LINE('',#2612,#600);
#355=LINE('',#2614,#601);
#356=LINE('',#2616,#602);
#357=LINE('',#2618,#603);
#358=LINE('',#2620,#604);
#359=LINE('',#2622,#605);
#360=LINE('',#2624,#606);
#361=LINE('',#2626,#607);
#362=LINE('',#2627,#608);
#363=LINE('',#2630,#609);
#364=LINE('',#2631,#610);
#365=LINE('',#2634,#611);
#366=LINE('',#2636,#612);
#367=LINE('',#2638,#613);
#368=LINE('',#2640,#614);
#369=LINE('',#2642,#615);
#370=LINE('',#2644,#616);
#371=LINE('',#2646,#617);
#372=LINE('',#2648,#618);
#373=LINE('',#2650,#619);
#374=LINE('',#2652,#620);
#375=LINE('',#2654,#621);
#376=LINE('',#2656,#622);
#377=LINE('',#2658,#623);
#378=LINE('',#2660,#624);
#379=LINE('',#2662,#625);
#380=LINE('',#2664,#626);
#381=LINE('',#2666,#627);
#382=LINE('',#2668,#628);
#383=LINE('',#2670,#629);
#384=LINE('',#2672,#630);
#385=LINE('',#2674,#631);
#386=LINE('',#2676,#632);
#387=LINE('',#2678,#633);
#388=LINE('',#2680,#634);
#389=LINE('',#2682,#635);
#390=LINE('',#2684,#636);
#391=LINE('',#2685,#637);
#392=LINE('',#2687,#638);
#393=LINE('',#2689,#639);
#394=LINE('',#2691,#640);
#395=LINE('',#2693,#641);
#396=LINE('',#2695,#642);
#397=LINE('',#2697,#643);
#398=LINE('',#2699,#644);
#399=LINE('',#2701,#645);
#400=LINE('',#2702,#646);
#401=LINE('',#2704,#647);
#402=LINE('',#2706,#648);
#403=LINE('',#2708,#649);
#404=LINE('',#2710,#650);
#405=LINE('',#2712,#651);
#406=LINE('',#2714,#652);
#407=LINE('',#2716,#653);
#408=LINE('',#2718,#654);
#409=LINE('',#2721,#655);
#410=LINE('',#2722,#656);
#411=LINE('',#2724,#657);
#412=LINE('',#2726,#658);
#413=LINE('',#2728,#659);
#414=LINE('',#2730,#660);
#415=LINE('',#2732,#661);
#416=LINE('',#2734,#662);
#417=LINE('',#2736,#663);
#418=LINE('',#2738,#664);
#419=LINE('',#2740,#665);
#420=LINE('',#2742,#666);
#421=LINE('',#2744,#667);
#422=LINE('',#2746,#668);
#423=LINE('',#2749,#669);
#424=LINE('',#2751,#670);
#425=LINE('',#2753,#671);
#426=LINE('',#2755,#672);
#427=LINE('',#2757,#673);
#428=LINE('',#2759,#674);
#429=LINE('',#2761,#675);
#430=LINE('',#2763,#676);
#431=LINE('',#2765,#677);
#432=LINE('',#2767,#678);
#433=LINE('',#2769,#679);
#434=LINE('',#2771,#680);
#435=VECTOR('',#1860,10.);
#436=VECTOR('',#1861,10.);
#437=VECTOR('',#1862,10.);
#438=VECTOR('',#1863,10.);
#439=VECTOR('',#1866,10.);
#440=VECTOR('',#1867,10.);
#441=VECTOR('',#1868,10.);
#442=VECTOR('',#1871,10.);
#443=VECTOR('',#1872,10.);
#444=VECTOR('',#1873,10.);
#445=VECTOR('',#1876,10.);
#446=VECTOR('',#1877,10.);
#447=VECTOR('',#1878,10.);
#448=VECTOR('',#1881,10.);
#449=VECTOR('',#1882,10.);
#450=VECTOR('',#1883,10.);
#451=VECTOR('',#1886,10.);
#452=VECTOR('',#1887,10.);
#453=VECTOR('',#1888,10.);
#454=VECTOR('',#1891,10.);
#455=VECTOR('',#1892,10.);
#456=VECTOR('',#1893,10.);
#457=VECTOR('',#1896,10.);
#458=VECTOR('',#1897,10.);
#459=VECTOR('',#1898,10.);
#460=VECTOR('',#1901,10.);
#461=VECTOR('',#1902,10.);
#462=VECTOR('',#1903,10.);
#463=VECTOR('',#1906,10.);
#464=VECTOR('',#1907,10.);
#465=VECTOR('',#1908,10.);
#466=VECTOR('',#1911,10.);
#467=VECTOR('',#1912,10.);
#468=VECTOR('',#1913,10.);
#469=VECTOR('',#1916,10.);
#470=VECTOR('',#1917,10.);
#471=VECTOR('',#1918,10.);
#472=VECTOR('',#1921,10.);
#473=VECTOR('',#1922,10.);
#474=VECTOR('',#1923,10.);
#475=VECTOR('',#1926,10.);
#476=VECTOR('',#1927,10.);
#477=VECTOR('',#1928,10.);
#478=VECTOR('',#1931,10.);
#479=VECTOR('',#1932,10.);
#480=VECTOR('',#1933,10.);
#481=VECTOR('',#1936,10.);
#482=VECTOR('',#1937,10.);
#483=VECTOR('',#1938,10.);
#484=VECTOR('',#1941,10.);
#485=VECTOR('',#1942,10.);
#486=VECTOR('',#1943,10.);
#487=VECTOR('',#1946,10.);
#488=VECTOR('',#1947,10.);
#489=VECTOR('',#1948,10.);
#490=VECTOR('',#1951,10.);
#491=VECTOR('',#1952,10.);
#492=VECTOR('',#1953,10.);
#493=VECTOR('',#1956,10.);
#494=VECTOR('',#1957,10.);
#495=VECTOR('',#1958,10.);
#496=VECTOR('',#1961,10.);
#497=VECTOR('',#1962,10.);
#498=VECTOR('',#1963,10.);
#499=VECTOR('',#1966,10.);
#500=VECTOR('',#1967,10.);
#501=VECTOR('',#1968,10.);
#502=VECTOR('',#1971,10.);
#503=VECTOR('',#1972,10.);
#504=VECTOR('',#1973,10.);
#505=VECTOR('',#1976,10.);
#506=VECTOR('',#1977,10.);
#507=VECTOR('',#1978,10.);
#508=VECTOR('',#1981,10.);
#509=VECTOR('',#1982,10.);
#510=VECTOR('',#1983,10.);
#511=VECTOR('',#1986,10.);
#512=VECTOR('',#1987,10.);
#513=VECTOR('',#1988,10.);
#514=VECTOR('',#1991,10.);
#515=VECTOR('',#1992,10.);
#516=VECTOR('',#1993,10.);
#517=VECTOR('',#1996,10.);
#518=VECTOR('',#1997,10.);
#519=VECTOR('',#1998,10.);
#520=VECTOR('',#2001,10.);
#521=VECTOR('',#2002,10.);
#522=VECTOR('',#2003,10.);
#523=VECTOR('',#2006,10.);
#524=VECTOR('',#2007,10.);
#525=VECTOR('',#2008,10.);
#526=VECTOR('',#2011,10.);
#527=VECTOR('',#2012,10.);
#528=VECTOR('',#2013,10.);
#529=VECTOR('',#2016,10.);
#530=VECTOR('',#2017,10.);
#531=VECTOR('',#2018,10.);
#532=VECTOR('',#2021,10.);
#533=VECTOR('',#2022,10.);
#534=VECTOR('',#2023,10.);
#535=VECTOR('',#2026,10.);
#536=VECTOR('',#2027,10.);
#537=VECTOR('',#2028,10.);
#538=VECTOR('',#2031,10.);
#539=VECTOR('',#2032,10.);
#540=VECTOR('',#2033,10.);
#541=VECTOR('',#2036,10.);
#542=VECTOR('',#2037,10.);
#543=VECTOR('',#2038,10.);
#544=VECTOR('',#2041,10.);
#545=VECTOR('',#2042,10.);
#546=VECTOR('',#2043,10.);
#547=VECTOR('',#2046,10.);
#548=VECTOR('',#2047,10.);
#549=VECTOR('',#2048,10.);
#550=VECTOR('',#2051,10.);
#551=VECTOR('',#2052,10.);
#552=VECTOR('',#2053,10.);
#553=VECTOR('',#2056,10.);
#554=VECTOR('',#2057,10.);
#555=VECTOR('',#2058,10.);
#556=VECTOR('',#2061,10.);
#557=VECTOR('',#2062,10.);
#558=VECTOR('',#2069,10.);
#559=VECTOR('',#2070,10.);
#560=VECTOR('',#2071,10.);
#561=VECTOR('',#2072,10.);
#562=VECTOR('',#2075,10.);
#563=VECTOR('',#2076,10.);
#564=VECTOR('',#2077,10.);
#565=VECTOR('',#2078,10.);
#566=VECTOR('',#2081,10.);
#567=VECTOR('',#2082,10.);
#568=VECTOR('',#2083,10.);
#569=VECTOR('',#2086,10.);
#570=VECTOR('',#2087,10.);
#571=VECTOR('',#2088,10.);
#572=VECTOR('',#2091,10.);
#573=VECTOR('',#2092,10.);
#574=VECTOR('',#2093,10.);
#575=VECTOR('',#2094,10.);
#576=VECTOR('',#2095,10.);
#577=VECTOR('',#2096,10.);
#578=VECTOR('',#2097,10.);
#579=VECTOR('',#2098,10.);
#580=VECTOR('',#2099,10.);
#581=VECTOR('',#2100,10.);
#582=VECTOR('',#2101,10.);
#583=VECTOR('',#2102,10.);
#584=VECTOR('',#2103,10.);
#585=VECTOR('',#2104,10.);
#586=VECTOR('',#2105,10.);
#587=VECTOR('',#2106,10.);
#588=VECTOR('',#2107,10.);
#589=VECTOR('',#2108,10.);
#590=VECTOR('',#2109,10.);
#591=VECTOR('',#2110,10.);
#592=VECTOR('',#2111,10.);
#593=VECTOR('',#2112,10.);
#594=VECTOR('',#2113,10.);
#595=VECTOR('',#2114,10.);
#596=VECTOR('',#2115,10.);
#597=VECTOR('',#2116,10.);
#598=VECTOR('',#2117,10.);
#599=VECTOR('',#2118,10.);
#600=VECTOR('',#2119,10.);
#601=VECTOR('',#2120,10.);
#602=VECTOR('',#2121,10.);
#603=VECTOR('',#2122,10.);
#604=VECTOR('',#2123,10.);
#605=VECTOR('',#2124,10.);
#606=VECTOR('',#2125,10.);
#607=VECTOR('',#2126,10.);
#608=VECTOR('',#2127,10.);
#609=VECTOR('',#2130,10.);
#610=VECTOR('',#2131,10.);
#611=VECTOR('',#2134,10.);
#612=VECTOR('',#2135,10.);
#613=VECTOR('',#2136,10.);
#614=VECTOR('',#2137,10.);
#615=VECTOR('',#2138,10.);
#616=VECTOR('',#2139,10.);
#617=VECTOR('',#2140,10.);
#618=VECTOR('',#2141,10.);
#619=VECTOR('',#2142,10.);
#620=VECTOR('',#2143,10.);
#621=VECTOR('',#2144,10.);
#622=VECTOR('',#2145,10.);
#623=VECTOR('',#2146,10.);
#624=VECTOR('',#2147,10.);
#625=VECTOR('',#2148,10.);
#626=VECTOR('',#2149,10.);
#627=VECTOR('',#2150,10.);
#628=VECTOR('',#2151,10.);
#629=VECTOR('',#2152,10.);
#630=VECTOR('',#2153,10.);
#631=VECTOR('',#2154,10.);
#632=VECTOR('',#2155,10.);
#633=VECTOR('',#2156,10.);
#634=VECTOR('',#2157,10.);
#635=VECTOR('',#2158,10.);
#636=VECTOR('',#2159,10.);
#637=VECTOR('',#2160,10.);
#638=VECTOR('',#2161,10.);
#639=VECTOR('',#2162,10.);
#640=VECTOR('',#2163,10.);
#641=VECTOR('',#2164,10.);
#642=VECTOR('',#2165,10.);
#643=VECTOR('',#2166,10.);
#644=VECTOR('',#2167,10.);
#645=VECTOR('',#2168,10.);
#646=VECTOR('',#2169,10.);
#647=VECTOR('',#2172,10.);
#648=VECTOR('',#2175,10.);
#649=VECTOR('',#2178,10.);
#650=VECTOR('',#2181,10.);
#651=VECTOR('',#2184,10.);
#652=VECTOR('',#2187,10.);
#653=VECTOR('',#2190,10.);
#654=VECTOR('',#2193,10.);
#655=VECTOR('',#2198,10.);
#656=VECTOR('',#2199,10.);
#657=VECTOR('',#2202,10.);
#658=VECTOR('',#2205,10.);
#659=VECTOR('',#2208,10.);
#660=VECTOR('',#2211,10.);
#661=VECTOR('',#2214,10.);
#662=VECTOR('',#2217,10.);
#663=VECTOR('',#2220,10.);
#664=VECTOR('',#2223,10.);
#665=VECTOR('',#2226,10.);
#666=VECTOR('',#2229,10.);
#667=VECTOR('',#2232,10.);
#668=VECTOR('',#2235,10.);
#669=VECTOR('',#2240,10.);
#670=VECTOR('',#2243,10.);
#671=VECTOR('',#2246,10.);
#672=VECTOR('',#2249,10.);
#673=VECTOR('',#2252,10.);
#674=VECTOR('',#2255,10.);
#675=VECTOR('',#2258,10.);
#676=VECTOR('',#2261,10.);
#677=VECTOR('',#2264,10.);
#678=VECTOR('',#2267,10.);
#679=VECTOR('',#2270,10.);
#680=VECTOR('',#2273,10.);
#681=VERTEX_POINT('',#2278);
#682=VERTEX_POINT('',#2279);
#683=VERTEX_POINT('',#2281);
#684=VERTEX_POINT('',#2283);
#685=VERTEX_POINT('',#2287);
#686=VERTEX_POINT('',#2289);
#687=VERTEX_POINT('',#2293);
#688=VERTEX_POINT('',#2295);
#689=VERTEX_POINT('',#2299);
#690=VERTEX_POINT('',#2301);
#691=VERTEX_POINT('',#2305);
#692=VERTEX_POINT('',#2307);
#693=VERTEX_POINT('',#2311);
#694=VERTEX_POINT('',#2313);
#695=VERTEX_POINT('',#2317);
#696=VERTEX_POINT('',#2319);
#697=VERTEX_POINT('',#2323);
#698=VERTEX_POINT('',#2325);
#699=VERTEX_POINT('',#2329);
#700=VERTEX_POINT('',#2331);
#701=VERTEX_POINT('',#2335);
#702=VERTEX_POINT('',#2337);
#703=VERTEX_POINT('',#2341);
#704=VERTEX_POINT('',#2343);
#705=VERTEX_POINT('',#2347);
#706=VERTEX_POINT('',#2349);
#707=VERTEX_POINT('',#2353);
#708=VERTEX_POINT('',#2355);
#709=VERTEX_POINT('',#2359);
#710=VERTEX_POINT('',#2361);
#711=VERTEX_POINT('',#2365);
#712=VERTEX_POINT('',#2367);
#713=VERTEX_POINT('',#2371);
#714=VERTEX_POINT('',#2373);
#715=VERTEX_POINT('',#2377);
#716=VERTEX_POINT('',#2379);
#717=VERTEX_POINT('',#2383);
#718=VERTEX_POINT('',#2385);
#719=VERTEX_POINT('',#2389);
#720=VERTEX_POINT('',#2391);
#721=VERTEX_POINT('',#2395);
#722=VERTEX_POINT('',#2397);
#723=VERTEX_POINT('',#2401);
#724=VERTEX_POINT('',#2403);
#725=VERTEX_POINT('',#2407);
#726=VERTEX_POINT('',#2409);
#727=VERTEX_POINT('',#2413);
#728=VERTEX_POINT('',#2415);
#729=VERTEX_POINT('',#2419);
#730=VERTEX_POINT('',#2421);
#731=VERTEX_POINT('',#2425);
#732=VERTEX_POINT('',#2427);
#733=VERTEX_POINT('',#2431);
#734=VERTEX_POINT('',#2433);
#735=VERTEX_POINT('',#2437);
#736=VERTEX_POINT('',#2439);
#737=VERTEX_POINT('',#2443);
#738=VERTEX_POINT('',#2445);
#739=VERTEX_POINT('',#2449);
#740=VERTEX_POINT('',#2451);
#741=VERTEX_POINT('',#2455);
#742=VERTEX_POINT('',#2457);
#743=VERTEX_POINT('',#2461);
#744=VERTEX_POINT('',#2463);
#745=VERTEX_POINT('',#2467);
#746=VERTEX_POINT('',#2469);
#747=VERTEX_POINT('',#2473);
#748=VERTEX_POINT('',#2475);
#749=VERTEX_POINT('',#2479);
#750=VERTEX_POINT('',#2481);
#751=VERTEX_POINT('',#2485);
#752=VERTEX_POINT('',#2487);
#753=VERTEX_POINT('',#2491);
#754=VERTEX_POINT('',#2493);
#755=VERTEX_POINT('',#2497);
#756=VERTEX_POINT('',#2499);
#757=VERTEX_POINT('',#2503);
#758=VERTEX_POINT('',#2505);
#759=VERTEX_POINT('',#2509);
#760=VERTEX_POINT('',#2511);
#761=VERTEX_POINT('',#2515);
#762=VERTEX_POINT('',#2517);
#763=VERTEX_POINT('',#2526);
#764=VERTEX_POINT('',#2527);
#765=VERTEX_POINT('',#2529);
#766=VERTEX_POINT('',#2531);
#767=VERTEX_POINT('',#2535);
#768=VERTEX_POINT('',#2536);
#769=VERTEX_POINT('',#2538);
#770=VERTEX_POINT('',#2540);
#771=VERTEX_POINT('',#2544);
#772=VERTEX_POINT('',#2546);
#773=VERTEX_POINT('',#2550);
#774=VERTEX_POINT('',#2552);
#775=VERTEX_POINT('',#2556);
#776=VERTEX_POINT('',#2558);
#777=VERTEX_POINT('',#2560);
#778=VERTEX_POINT('',#2562);
#779=VERTEX_POINT('',#2564);
#780=VERTEX_POINT('',#2566);
#781=VERTEX_POINT('',#2568);
#782=VERTEX_POINT('',#2570);
#783=VERTEX_POINT('',#2572);
#784=VERTEX_POINT('',#2575);
#785=VERTEX_POINT('',#2577);
#786=VERTEX_POINT('',#2579);
#787=VERTEX_POINT('',#2581);
#788=VERTEX_POINT('',#2583);
#789=VERTEX_POINT('',#2585);
#790=VERTEX_POINT('',#2587);
#791=VERTEX_POINT('',#2589);
#792=VERTEX_POINT('',#2591);
#793=VERTEX_POINT('',#2593);
#794=VERTEX_POINT('',#2595);
#795=VERTEX_POINT('',#2597);
#796=VERTEX_POINT('',#2599);
#797=VERTEX_POINT('',#2601);
#798=VERTEX_POINT('',#2603);
#799=VERTEX_POINT('',#2605);
#800=VERTEX_POINT('',#2607);
#801=VERTEX_POINT('',#2609);
#802=VERTEX_POINT('',#2611);
#803=VERTEX_POINT('',#2613);
#804=VERTEX_POINT('',#2615);
#805=VERTEX_POINT('',#2617);
#806=VERTEX_POINT('',#2619);
#807=VERTEX_POINT('',#2621);
#808=VERTEX_POINT('',#2623);
#809=VERTEX_POINT('',#2625);
#810=VERTEX_POINT('',#2629);
#811=VERTEX_POINT('',#2633);
#812=VERTEX_POINT('',#2635);
#813=VERTEX_POINT('',#2637);
#814=VERTEX_POINT('',#2639);
#815=VERTEX_POINT('',#2641);
#816=VERTEX_POINT('',#2643);
#817=VERTEX_POINT('',#2645);
#818=VERTEX_POINT('',#2647);
#819=VERTEX_POINT('',#2649);
#820=VERTEX_POINT('',#2651);
#821=VERTEX_POINT('',#2653);
#822=VERTEX_POINT('',#2655);
#823=VERTEX_POINT('',#2657);
#824=VERTEX_POINT('',#2659);
#825=VERTEX_POINT('',#2661);
#826=VERTEX_POINT('',#2663);
#827=VERTEX_POINT('',#2665);
#828=VERTEX_POINT('',#2667);
#829=VERTEX_POINT('',#2669);
#830=VERTEX_POINT('',#2671);
#831=VERTEX_POINT('',#2673);
#832=VERTEX_POINT('',#2675);
#833=VERTEX_POINT('',#2677);
#834=VERTEX_POINT('',#2679);
#835=VERTEX_POINT('',#2681);
#836=VERTEX_POINT('',#2683);
#837=VERTEX_POINT('',#2686);
#838=VERTEX_POINT('',#2688);
#839=VERTEX_POINT('',#2690);
#840=VERTEX_POINT('',#2692);
#841=VERTEX_POINT('',#2694);
#842=VERTEX_POINT('',#2696);
#843=VERTEX_POINT('',#2698);
#844=VERTEX_POINT('',#2700);
#845=EDGE_CURVE('',#681,#682,#189,.T.);
#846=EDGE_CURVE('',#682,#683,#190,.T.);
#847=EDGE_CURVE('',#684,#683,#191,.T.);
#848=EDGE_CURVE('',#681,#684,#192,.T.);
#849=EDGE_CURVE('',#685,#681,#193,.T.);
#850=EDGE_CURVE('',#686,#684,#194,.T.);
#851=EDGE_CURVE('',#685,#686,#195,.T.);
#852=EDGE_CURVE('',#687,#685,#196,.T.);
#853=EDGE_CURVE('',#688,#686,#197,.T.);
#854=EDGE_CURVE('',#687,#688,#198,.T.);
#855=EDGE_CURVE('',#689,#687,#199,.T.);
#856=EDGE_CURVE('',#690,#688,#200,.T.);
#857=EDGE_CURVE('',#689,#690,#201,.T.);
#858=EDGE_CURVE('',#691,#689,#202,.T.);
#859=EDGE_CURVE('',#692,#690,#203,.T.);
#860=EDGE_CURVE('',#691,#692,#204,.T.);
#861=EDGE_CURVE('',#693,#691,#205,.T.);
#862=EDGE_CURVE('',#694,#692,#206,.T.);
#863=EDGE_CURVE('',#693,#694,#207,.T.);
#864=EDGE_CURVE('',#695,#693,#208,.T.);
#865=EDGE_CURVE('',#696,#694,#209,.T.);
#866=EDGE_CURVE('',#695,#696,#210,.T.);
#867=EDGE_CURVE('',#697,#695,#211,.T.);
#868=EDGE_CURVE('',#698,#696,#212,.T.);
#869=EDGE_CURVE('',#697,#698,#213,.T.);
#870=EDGE_CURVE('',#699,#697,#214,.T.);
#871=EDGE_CURVE('',#700,#698,#215,.T.);
#872=EDGE_CURVE('',#699,#700,#216,.T.);
#873=EDGE_CURVE('',#701,#699,#217,.T.);
#874=EDGE_CURVE('',#702,#700,#218,.T.);
#875=EDGE_CURVE('',#701,#702,#219,.T.);
#876=EDGE_CURVE('',#703,#701,#220,.T.);
#877=EDGE_CURVE('',#704,#702,#221,.T.);
#878=EDGE_CURVE('',#703,#704,#222,.T.);
#879=EDGE_CURVE('',#705,#703,#223,.T.);
#880=EDGE_CURVE('',#706,#704,#224,.T.);
#881=EDGE_CURVE('',#705,#706,#225,.T.);
#882=EDGE_CURVE('',#707,#705,#226,.T.);
#883=EDGE_CURVE('',#708,#706,#227,.T.);
#884=EDGE_CURVE('',#707,#708,#228,.T.);
#885=EDGE_CURVE('',#709,#707,#229,.T.);
#886=EDGE_CURVE('',#710,#708,#230,.T.);
#887=EDGE_CURVE('',#709,#710,#231,.T.);
#888=EDGE_CURVE('',#711,#709,#232,.T.);
#889=EDGE_CURVE('',#712,#710,#233,.T.);
#890=EDGE_CURVE('',#711,#712,#234,.T.);
#891=EDGE_CURVE('',#713,#711,#235,.T.);
#892=EDGE_CURVE('',#714,#712,#236,.T.);
#893=EDGE_CURVE('',#713,#714,#237,.T.);
#894=EDGE_CURVE('',#715,#713,#238,.T.);
#895=EDGE_CURVE('',#716,#714,#239,.T.);
#896=EDGE_CURVE('',#715,#716,#240,.T.);
#897=EDGE_CURVE('',#717,#715,#241,.T.);
#898=EDGE_CURVE('',#718,#716,#242,.T.);
#899=EDGE_CURVE('',#717,#718,#243,.T.);
#900=EDGE_CURVE('',#719,#717,#244,.T.);
#901=EDGE_CURVE('',#720,#718,#245,.T.);
#902=EDGE_CURVE('',#719,#720,#246,.T.);
#903=EDGE_CURVE('',#721,#719,#247,.T.);
#904=EDGE_CURVE('',#722,#720,#248,.T.);
#905=EDGE_CURVE('',#721,#722,#249,.T.);
#906=EDGE_CURVE('',#723,#721,#250,.T.);
#907=EDGE_CURVE('',#724,#722,#251,.T.);
#908=EDGE_CURVE('',#723,#724,#252,.T.);
#909=EDGE_CURVE('',#725,#723,#253,.T.);
#910=EDGE_CURVE('',#726,#724,#254,.T.);
#911=EDGE_CURVE('',#725,#726,#255,.T.);
#912=EDGE_CURVE('',#727,#725,#256,.T.);
#913=EDGE_CURVE('',#728,#726,#257,.T.);
#914=EDGE_CURVE('',#727,#728,#258,.T.);
#915=EDGE_CURVE('',#729,#727,#259,.T.);
#916=EDGE_CURVE('',#730,#728,#260,.T.);
#917=EDGE_CURVE('',#729,#730,#261,.T.);
#918=EDGE_CURVE('',#731,#729,#262,.T.);
#919=EDGE_CURVE('',#732,#730,#263,.T.);
#920=EDGE_CURVE('',#731,#732,#264,.T.);
#921=EDGE_CURVE('',#733,#731,#265,.T.);
#922=EDGE_CURVE('',#734,#732,#266,.T.);
#923=EDGE_CURVE('',#733,#734,#267,.T.);
#924=EDGE_CURVE('',#735,#733,#268,.T.);
#925=EDGE_CURVE('',#736,#734,#269,.T.);
#926=EDGE_CURVE('',#735,#736,#270,.T.);
#927=EDGE_CURVE('',#737,#735,#271,.T.);
#928=EDGE_CURVE('',#738,#736,#272,.T.);
#929=EDGE_CURVE('',#737,#738,#273,.T.);
#930=EDGE_CURVE('',#739,#737,#274,.T.);
#931=EDGE_CURVE('',#740,#738,#275,.T.);
#932=EDGE_CURVE('',#739,#740,#276,.T.);
#933=EDGE_CURVE('',#741,#739,#277,.T.);
#934=EDGE_CURVE('',#742,#740,#278,.T.);
#935=EDGE_CURVE('',#741,#742,#279,.T.);
#936=EDGE_CURVE('',#743,#741,#280,.T.);
#937=EDGE_CURVE('',#744,#742,#281,.T.);
#938=EDGE_CURVE('',#743,#744,#282,.T.);
#939=EDGE_CURVE('',#745,#743,#283,.T.);
#940=EDGE_CURVE('',#746,#744,#284,.T.);
#941=EDGE_CURVE('',#745,#746,#285,.T.);
#942=EDGE_CURVE('',#747,#745,#286,.T.);
#943=EDGE_CURVE('',#748,#746,#287,.T.);
#944=EDGE_CURVE('',#747,#748,#288,.T.);
#945=EDGE_CURVE('',#749,#747,#289,.T.);
#946=EDGE_CURVE('',#750,#748,#290,.T.);
#947=EDGE_CURVE('',#749,#750,#291,.T.);
#948=EDGE_CURVE('',#751,#749,#292,.T.);
#949=EDGE_CURVE('',#752,#750,#293,.T.);
#950=EDGE_CURVE('',#751,#752,#294,.T.);
#951=EDGE_CURVE('',#753,#751,#295,.T.);
#952=EDGE_CURVE('',#754,#752,#296,.T.);
#953=EDGE_CURVE('',#753,#754,#297,.T.);
#954=EDGE_CURVE('',#755,#753,#298,.T.);
#955=EDGE_CURVE('',#756,#754,#299,.T.);
#956=EDGE_CURVE('',#755,#756,#300,.T.);
#957=EDGE_CURVE('',#757,#755,#301,.T.);
#958=EDGE_CURVE('',#758,#756,#302,.T.);
#959=EDGE_CURVE('',#757,#758,#303,.T.);
#960=EDGE_CURVE('',#759,#757,#304,.T.);
#961=EDGE_CURVE('',#760,#758,#305,.T.);
#962=EDGE_CURVE('',#759,#760,#306,.T.);
#963=EDGE_CURVE('',#761,#759,#307,.T.);
#964=EDGE_CURVE('',#762,#760,#308,.T.);
#965=EDGE_CURVE('',#761,#762,#309,.T.);
#966=EDGE_CURVE('',#682,#761,#310,.T.);
#967=EDGE_CURVE('',#683,#762,#311,.T.);
#968=EDGE_CURVE('',#763,#764,#312,.T.);
#969=EDGE_CURVE('',#765,#763,#313,.T.);
#970=EDGE_CURVE('',#766,#765,#314,.T.);
#971=EDGE_CURVE('',#764,#766,#315,.T.);
#972=EDGE_CURVE('',#767,#768,#316,.T.);
#973=EDGE_CURVE('',#769,#767,#317,.T.);
#974=EDGE_CURVE('',#770,#769,#318,.T.);
#975=EDGE_CURVE('',#768,#770,#319,.T.);
#976=EDGE_CURVE('',#771,#769,#320,.T.);
#977=EDGE_CURVE('',#772,#771,#321,.T.);
#978=EDGE_CURVE('',#772,#770,#322,.T.);
#979=EDGE_CURVE('',#773,#763,#323,.T.);
#980=EDGE_CURVE('',#774,#773,#324,.T.);
#981=EDGE_CURVE('',#774,#765,#325,.T.);
#982=EDGE_CURVE('',#767,#775,#326,.T.);
#983=EDGE_CURVE('',#775,#776,#327,.T.);
#984=EDGE_CURVE('',#776,#777,#328,.T.);
#985=EDGE_CURVE('',#777,#778,#329,.T.);
#986=EDGE_CURVE('',#778,#779,#330,.T.);
#987=EDGE_CURVE('',#779,#780,#331,.T.);
#988=EDGE_CURVE('',#780,#781,#332,.T.);
#989=EDGE_CURVE('',#781,#782,#333,.T.);
#990=EDGE_CURVE('',#782,#783,#334,.T.);
#991=EDGE_CURVE('',#783,#773,#335,.T.);
#992=EDGE_CURVE('',#764,#784,#336,.T.);
#993=EDGE_CURVE('',#784,#785,#337,.T.);
#994=EDGE_CURVE('',#785,#786,#338,.T.);
#995=EDGE_CURVE('',#786,#787,#339,.T.);
#996=EDGE_CURVE('',#787,#788,#340,.T.);
#997=EDGE_CURVE('',#788,#789,#341,.T.);
#998=EDGE_CURVE('',#789,#790,#342,.T.);
#999=EDGE_CURVE('',#790,#791,#343,.T.);
#1000=EDGE_CURVE('',#791,#792,#344,.T.);
#1001=EDGE_CURVE('',#792,#793,#345,.T.);
#1002=EDGE_CURVE('',#793,#794,#346,.T.);
#1003=EDGE_CURVE('',#794,#795,#347,.T.);
#1004=EDGE_CURVE('',#795,#796,#348,.T.);
#1005=EDGE_CURVE('',#796,#797,#349,.T.);
#1006=EDGE_CURVE('',#797,#798,#350,.T.);
#1007=EDGE_CURVE('',#798,#799,#351,.T.);
#1008=EDGE_CURVE('',#799,#800,#352,.T.);
#1009=EDGE_CURVE('',#800,#801,#353,.T.);
#1010=EDGE_CURVE('',#801,#802,#354,.T.);
#1011=EDGE_CURVE('',#802,#803,#355,.T.);
#1012=EDGE_CURVE('',#803,#804,#356,.T.);
#1013=EDGE_CURVE('',#804,#805,#357,.T.);
#1014=EDGE_CURVE('',#805,#806,#358,.T.);
#1015=EDGE_CURVE('',#806,#807,#359,.T.);
#1016=EDGE_CURVE('',#807,#808,#360,.T.);
#1017=EDGE_CURVE('',#808,#809,#361,.T.);
#1018=EDGE_CURVE('',#809,#771,#362,.T.);
#1019=EDGE_CURVE('',#768,#810,#363,.T.);
#1020=EDGE_CURVE('',#810,#775,#364,.T.);
#1021=EDGE_CURVE('',#811,#772,#365,.T.);
#1022=EDGE_CURVE('',#812,#811,#366,.T.);
#1023=EDGE_CURVE('',#813,#812,#367,.T.);
#1024=EDGE_CURVE('',#814,#813,#368,.T.);
#1025=EDGE_CURVE('',#815,#814,#369,.T.);
#1026=EDGE_CURVE('',#816,#815,#370,.T.);
#1027=EDGE_CURVE('',#817,#816,#371,.T.);
#1028=EDGE_CURVE('',#818,#817,#372,.T.);
#1029=EDGE_CURVE('',#819,#818,#373,.T.);
#1030=EDGE_CURVE('',#820,#819,#374,.T.);
#1031=EDGE_CURVE('',#821,#820,#375,.T.);
#1032=EDGE_CURVE('',#822,#821,#376,.T.);
#1033=EDGE_CURVE('',#823,#822,#377,.T.);
#1034=EDGE_CURVE('',#824,#823,#378,.T.);
#1035=EDGE_CURVE('',#825,#824,#379,.T.);
#1036=EDGE_CURVE('',#826,#825,#380,.T.);
#1037=EDGE_CURVE('',#827,#826,#381,.T.);
#1038=EDGE_CURVE('',#828,#827,#382,.T.);
#1039=EDGE_CURVE('',#829,#828,#383,.T.);
#1040=EDGE_CURVE('',#830,#829,#384,.T.);
#1041=EDGE_CURVE('',#831,#830,#385,.T.);
#1042=EDGE_CURVE('',#832,#831,#386,.T.);
#1043=EDGE_CURVE('',#833,#832,#387,.T.);
#1044=EDGE_CURVE('',#834,#833,#388,.T.);
#1045=EDGE_CURVE('',#835,#834,#389,.T.);
#1046=EDGE_CURVE('',#836,#835,#390,.T.);
#1047=EDGE_CURVE('',#766,#836,#391,.T.);
#1048=EDGE_CURVE('',#837,#774,#392,.T.);
#1049=EDGE_CURVE('',#838,#837,#393,.T.);
#1050=EDGE_CURVE('',#839,#838,#394,.T.);
#1051=EDGE_CURVE('',#840,#839,#395,.T.);
#1052=EDGE_CURVE('',#841,#840,#396,.T.);
#1053=EDGE_CURVE('',#842,#841,#397,.T.);
#1054=EDGE_CURVE('',#843,#842,#398,.T.);
#1055=EDGE_CURVE('',#844,#843,#399,.T.);
#1056=EDGE_CURVE('',#810,#844,#400,.T.);
#1057=EDGE_CURVE('',#844,#776,#401,.T.);
#1058=EDGE_CURVE('',#843,#777,#402,.T.);
#1059=EDGE_CURVE('',#842,#778,#403,.T.);
#1060=EDGE_CURVE('',#841,#779,#404,.T.);
#1061=EDGE_CURVE('',#840,#780,#405,.T.);
#1062=EDGE_CURVE('',#839,#781,#406,.T.);
#1063=EDGE_CURVE('',#838,#782,#407,.T.);
#1064=EDGE_CURVE('',#837,#783,#408,.T.);
#1065=EDGE_CURVE('',#823,#797,#409,.T.);
#1066=EDGE_CURVE('',#824,#796,#410,.T.);
#1067=EDGE_CURVE('',#822,#798,#411,.T.);
#1068=EDGE_CURVE('',#821,#799,#412,.T.);
#1069=EDGE_CURVE('',#820,#800,#413,.T.);
#1070=EDGE_CURVE('',#819,#801,#414,.T.);
#1071=EDGE_CURVE('',#818,#802,#415,.T.);
#1072=EDGE_CURVE('',#817,#803,#416,.T.);
#1073=EDGE_CURVE('',#816,#804,#417,.T.);
#1074=EDGE_CURVE('',#815,#805,#418,.T.);
#1075=EDGE_CURVE('',#814,#806,#419,.T.);
#1076=EDGE_CURVE('',#813,#807,#420,.T.);
#1077=EDGE_CURVE('',#812,#808,#421,.T.);
#1078=EDGE_CURVE('',#811,#809,#422,.T.);
#1079=EDGE_CURVE('',#836,#784,#423,.T.);
#1080=EDGE_CURVE('',#835,#785,#424,.T.);
#1081=EDGE_CURVE('',#834,#786,#425,.T.);
#1082=EDGE_CURVE('',#833,#787,#426,.T.);
#1083=EDGE_CURVE('',#832,#788,#427,.T.);
#1084=EDGE_CURVE('',#831,#789,#428,.T.);
#1085=EDGE_CURVE('',#830,#790,#429,.T.);
#1086=EDGE_CURVE('',#829,#791,#430,.T.);
#1087=EDGE_CURVE('',#828,#792,#431,.T.);
#1088=EDGE_CURVE('',#827,#793,#432,.T.);
#1089=EDGE_CURVE('',#826,#794,#433,.T.);
#1090=EDGE_CURVE('',#825,#795,#434,.T.);
#1091=ORIENTED_EDGE('',*,*,#845,.T.);
#1092=ORIENTED_EDGE('',*,*,#846,.T.);
#1093=ORIENTED_EDGE('',*,*,#847,.F.);
#1094=ORIENTED_EDGE('',*,*,#848,.F.);
#1095=ORIENTED_EDGE('',*,*,#849,.T.);
#1096=ORIENTED_EDGE('',*,*,#848,.T.);
#1097=ORIENTED_EDGE('',*,*,#850,.F.);
#1098=ORIENTED_EDGE('',*,*,#851,.F.);
#1099=ORIENTED_EDGE('',*,*,#852,.T.);
#1100=ORIENTED_EDGE('',*,*,#851,.T.);
#1101=ORIENTED_EDGE('',*,*,#853,.F.);
#1102=ORIENTED_EDGE('',*,*,#854,.F.);
#1103=ORIENTED_EDGE('',*,*,#855,.T.);
#1104=ORIENTED_EDGE('',*,*,#854,.T.);
#1105=ORIENTED_EDGE('',*,*,#856,.F.);
#1106=ORIENTED_EDGE('',*,*,#857,.F.);
#1107=ORIENTED_EDGE('',*,*,#858,.T.);
#1108=ORIENTED_EDGE('',*,*,#857,.T.);
#1109=ORIENTED_EDGE('',*,*,#859,.F.);
#1110=ORIENTED_EDGE('',*,*,#860,.F.);
#1111=ORIENTED_EDGE('',*,*,#861,.T.);
#1112=ORIENTED_EDGE('',*,*,#860,.T.);
#1113=ORIENTED_EDGE('',*,*,#862,.F.);
#1114=ORIENTED_EDGE('',*,*,#863,.F.);
#1115=ORIENTED_EDGE('',*,*,#864,.T.);
#1116=ORIENTED_EDGE('',*,*,#863,.T.);
#1117=ORIENTED_EDGE('',*,*,#865,.F.);
#1118=ORIENTED_EDGE('',*,*,#866,.F.);
#1119=ORIENTED_EDGE('',*,*,#867,.T.);
#1120=ORIENTED_EDGE('',*,*,#866,.T.);
#1121=ORIENTED_EDGE('',*,*,#868,.F.);
#1122=ORIENTED_EDGE('',*,*,#869,.F.);
#1123=ORIENTED_EDGE('',*,*,#870,.T.);
#1124=ORIENTED_EDGE('',*,*,#869,.T.);
#1125=ORIENTED_EDGE('',*,*,#871,.F.);
#1126=ORIENTED_EDGE('',*,*,#872,.F.);
#1127=ORIENTED_EDGE('',*,*,#873,.T.);
#1128=ORIENTED_EDGE('',*,*,#872,.T.);
#1129=ORIENTED_EDGE('',*,*,#874,.F.);
#1130=ORIENTED_EDGE('',*,*,#875,.F.);
#1131=ORIENTED_EDGE('',*,*,#876,.T.);
#1132=ORIENTED_EDGE('',*,*,#875,.T.);
#1133=ORIENTED_EDGE('',*,*,#877,.F.);
#1134=ORIENTED_EDGE('',*,*,#878,.F.);
#1135=ORIENTED_EDGE('',*,*,#879,.T.);
#1136=ORIENTED_EDGE('',*,*,#878,.T.);
#1137=ORIENTED_EDGE('',*,*,#880,.F.);
#1138=ORIENTED_EDGE('',*,*,#881,.F.);
#1139=ORIENTED_EDGE('',*,*,#882,.T.);
#1140=ORIENTED_EDGE('',*,*,#881,.T.);
#1141=ORIENTED_EDGE('',*,*,#883,.F.);
#1142=ORIENTED_EDGE('',*,*,#884,.F.);
#1143=ORIENTED_EDGE('',*,*,#885,.T.);
#1144=ORIENTED_EDGE('',*,*,#884,.T.);
#1145=ORIENTED_EDGE('',*,*,#886,.F.);
#1146=ORIENTED_EDGE('',*,*,#887,.F.);
#1147=ORIENTED_EDGE('',*,*,#888,.T.);
#1148=ORIENTED_EDGE('',*,*,#887,.T.);
#1149=ORIENTED_EDGE('',*,*,#889,.F.);
#1150=ORIENTED_EDGE('',*,*,#890,.F.);
#1151=ORIENTED_EDGE('',*,*,#891,.T.);
#1152=ORIENTED_EDGE('',*,*,#890,.T.);
#1153=ORIENTED_EDGE('',*,*,#892,.F.);
#1154=ORIENTED_EDGE('',*,*,#893,.F.);
#1155=ORIENTED_EDGE('',*,*,#894,.T.);
#1156=ORIENTED_EDGE('',*,*,#893,.T.);
#1157=ORIENTED_EDGE('',*,*,#895,.F.);
#1158=ORIENTED_EDGE('',*,*,#896,.F.);
#1159=ORIENTED_EDGE('',*,*,#897,.T.);
#1160=ORIENTED_EDGE('',*,*,#896,.T.);
#1161=ORIENTED_EDGE('',*,*,#898,.F.);
#1162=ORIENTED_EDGE('',*,*,#899,.F.);
#1163=ORIENTED_EDGE('',*,*,#900,.T.);
#1164=ORIENTED_EDGE('',*,*,#899,.T.);
#1165=ORIENTED_EDGE('',*,*,#901,.F.);
#1166=ORIENTED_EDGE('',*,*,#902,.F.);
#1167=ORIENTED_EDGE('',*,*,#903,.T.);
#1168=ORIENTED_EDGE('',*,*,#902,.T.);
#1169=ORIENTED_EDGE('',*,*,#904,.F.);
#1170=ORIENTED_EDGE('',*,*,#905,.F.);
#1171=ORIENTED_EDGE('',*,*,#906,.T.);
#1172=ORIENTED_EDGE('',*,*,#905,.T.);
#1173=ORIENTED_EDGE('',*,*,#907,.F.);
#1174=ORIENTED_EDGE('',*,*,#908,.F.);
#1175=ORIENTED_EDGE('',*,*,#909,.T.);
#1176=ORIENTED_EDGE('',*,*,#908,.T.);
#1177=ORIENTED_EDGE('',*,*,#910,.F.);
#1178=ORIENTED_EDGE('',*,*,#911,.F.);
#1179=ORIENTED_EDGE('',*,*,#912,.T.);
#1180=ORIENTED_EDGE('',*,*,#911,.T.);
#1181=ORIENTED_EDGE('',*,*,#913,.F.);
#1182=ORIENTED_EDGE('',*,*,#914,.F.);
#1183=ORIENTED_EDGE('',*,*,#915,.T.);
#1184=ORIENTED_EDGE('',*,*,#914,.T.);
#1185=ORIENTED_EDGE('',*,*,#916,.F.);
#1186=ORIENTED_EDGE('',*,*,#917,.F.);
#1187=ORIENTED_EDGE('',*,*,#918,.T.);
#1188=ORIENTED_EDGE('',*,*,#917,.T.);
#1189=ORIENTED_EDGE('',*,*,#919,.F.);
#1190=ORIENTED_EDGE('',*,*,#920,.F.);
#1191=ORIENTED_EDGE('',*,*,#921,.T.);
#1192=ORIENTED_EDGE('',*,*,#920,.T.);
#1193=ORIENTED_EDGE('',*,*,#922,.F.);
#1194=ORIENTED_EDGE('',*,*,#923,.F.);
#1195=ORIENTED_EDGE('',*,*,#924,.T.);
#1196=ORIENTED_EDGE('',*,*,#923,.T.);
#1197=ORIENTED_EDGE('',*,*,#925,.F.);
#1198=ORIENTED_EDGE('',*,*,#926,.F.);
#1199=ORIENTED_EDGE('',*,*,#927,.T.);
#1200=ORIENTED_EDGE('',*,*,#926,.T.);
#1201=ORIENTED_EDGE('',*,*,#928,.F.);
#1202=ORIENTED_EDGE('',*,*,#929,.F.);
#1203=ORIENTED_EDGE('',*,*,#930,.T.);
#1204=ORIENTED_EDGE('',*,*,#929,.T.);
#1205=ORIENTED_EDGE('',*,*,#931,.F.);
#1206=ORIENTED_EDGE('',*,*,#932,.F.);
#1207=ORIENTED_EDGE('',*,*,#933,.T.);
#1208=ORIENTED_EDGE('',*,*,#932,.T.);
#1209=ORIENTED_EDGE('',*,*,#934,.F.);
#1210=ORIENTED_EDGE('',*,*,#935,.F.);
#1211=ORIENTED_EDGE('',*,*,#936,.T.);
#1212=ORIENTED_EDGE('',*,*,#935,.T.);
#1213=ORIENTED_EDGE('',*,*,#937,.F.);
#1214=ORIENTED_EDGE('',*,*,#938,.F.);
#1215=ORIENTED_EDGE('',*,*,#939,.T.);
#1216=ORIENTED_EDGE('',*,*,#938,.T.);
#1217=ORIENTED_EDGE('',*,*,#940,.F.);
#1218=ORIENTED_EDGE('',*,*,#941,.F.);
#1219=ORIENTED_EDGE('',*,*,#942,.T.);
#1220=ORIENTED_EDGE('',*,*,#941,.T.);
#1221=ORIENTED_EDGE('',*,*,#943,.F.);
#1222=ORIENTED_EDGE('',*,*,#944,.F.);
#1223=ORIENTED_EDGE('',*,*,#945,.T.);
#1224=ORIENTED_EDGE('',*,*,#944,.T.);
#1225=ORIENTED_EDGE('',*,*,#946,.F.);
#1226=ORIENTED_EDGE('',*,*,#947,.F.);
#1227=ORIENTED_EDGE('',*,*,#948,.T.);
#1228=ORIENTED_EDGE('',*,*,#947,.T.);
#1229=ORIENTED_EDGE('',*,*,#949,.F.);
#1230=ORIENTED_EDGE('',*,*,#950,.F.);
#1231=ORIENTED_EDGE('',*,*,#951,.T.);
#1232=ORIENTED_EDGE('',*,*,#950,.T.);
#1233=ORIENTED_EDGE('',*,*,#952,.F.);
#1234=ORIENTED_EDGE('',*,*,#953,.F.);
#1235=ORIENTED_EDGE('',*,*,#954,.T.);
#1236=ORIENTED_EDGE('',*,*,#953,.T.);
#1237=ORIENTED_EDGE('',*,*,#955,.F.);
#1238=ORIENTED_EDGE('',*,*,#956,.F.);
#1239=ORIENTED_EDGE('',*,*,#957,.T.);
#1240=ORIENTED_EDGE('',*,*,#956,.T.);
#1241=ORIENTED_EDGE('',*,*,#958,.F.);
#1242=ORIENTED_EDGE('',*,*,#959,.F.);
#1243=ORIENTED_EDGE('',*,*,#960,.T.);
#1244=ORIENTED_EDGE('',*,*,#959,.T.);
#1245=ORIENTED_EDGE('',*,*,#961,.F.);
#1246=ORIENTED_EDGE('',*,*,#962,.F.);
#1247=ORIENTED_EDGE('',*,*,#963,.T.);
#1248=ORIENTED_EDGE('',*,*,#962,.T.);
#1249=ORIENTED_EDGE('',*,*,#964,.F.);
#1250=ORIENTED_EDGE('',*,*,#965,.F.);
#1251=ORIENTED_EDGE('',*,*,#966,.T.);
#1252=ORIENTED_EDGE('',*,*,#965,.T.);
#1253=ORIENTED_EDGE('',*,*,#967,.F.);
#1254=ORIENTED_EDGE('',*,*,#846,.F.);
#1255=ORIENTED_EDGE('',*,*,#967,.T.);
#1256=ORIENTED_EDGE('',*,*,#964,.T.);
#1257=ORIENTED_EDGE('',*,*,#961,.T.);
#1258=ORIENTED_EDGE('',*,*,#958,.T.);
#1259=ORIENTED_EDGE('',*,*,#955,.T.);
#1260=ORIENTED_EDGE('',*,*,#952,.T.);
#1261=ORIENTED_EDGE('',*,*,#949,.T.);
#1262=ORIENTED_EDGE('',*,*,#946,.T.);
#1263=ORIENTED_EDGE('',*,*,#943,.T.);
#1264=ORIENTED_EDGE('',*,*,#940,.T.);
#1265=ORIENTED_EDGE('',*,*,#937,.T.);
#1266=ORIENTED_EDGE('',*,*,#934,.T.);
#1267=ORIENTED_EDGE('',*,*,#931,.T.);
#1268=ORIENTED_EDGE('',*,*,#928,.T.);
#1269=ORIENTED_EDGE('',*,*,#925,.T.);
#1270=ORIENTED_EDGE('',*,*,#922,.T.);
#1271=ORIENTED_EDGE('',*,*,#919,.T.);
#1272=ORIENTED_EDGE('',*,*,#916,.T.);
#1273=ORIENTED_EDGE('',*,*,#913,.T.);
#1274=ORIENTED_EDGE('',*,*,#910,.T.);
#1275=ORIENTED_EDGE('',*,*,#907,.T.);
#1276=ORIENTED_EDGE('',*,*,#904,.T.);
#1277=ORIENTED_EDGE('',*,*,#901,.T.);
#1278=ORIENTED_EDGE('',*,*,#898,.T.);
#1279=ORIENTED_EDGE('',*,*,#895,.T.);
#1280=ORIENTED_EDGE('',*,*,#892,.T.);
#1281=ORIENTED_EDGE('',*,*,#889,.T.);
#1282=ORIENTED_EDGE('',*,*,#886,.T.);
#1283=ORIENTED_EDGE('',*,*,#883,.T.);
#1284=ORIENTED_EDGE('',*,*,#880,.T.);
#1285=ORIENTED_EDGE('',*,*,#877,.T.);
#1286=ORIENTED_EDGE('',*,*,#874,.T.);
#1287=ORIENTED_EDGE('',*,*,#871,.T.);
#1288=ORIENTED_EDGE('',*,*,#868,.T.);
#1289=ORIENTED_EDGE('',*,*,#865,.T.);
#1290=ORIENTED_EDGE('',*,*,#862,.T.);
#1291=ORIENTED_EDGE('',*,*,#859,.T.);
#1292=ORIENTED_EDGE('',*,*,#856,.T.);
#1293=ORIENTED_EDGE('',*,*,#853,.T.);
#1294=ORIENTED_EDGE('',*,*,#850,.T.);
#1295=ORIENTED_EDGE('',*,*,#847,.T.);
#1296=ORIENTED_EDGE('',*,*,#966,.F.);
#1297=ORIENTED_EDGE('',*,*,#845,.F.);
#1298=ORIENTED_EDGE('',*,*,#849,.F.);
#1299=ORIENTED_EDGE('',*,*,#852,.F.);
#1300=ORIENTED_EDGE('',*,*,#855,.F.);
#1301=ORIENTED_EDGE('',*,*,#858,.F.);
#1302=ORIENTED_EDGE('',*,*,#861,.F.);
#1303=ORIENTED_EDGE('',*,*,#864,.F.);
#1304=ORIENTED_EDGE('',*,*,#867,.F.);
#1305=ORIENTED_EDGE('',*,*,#870,.F.);
#1306=ORIENTED_EDGE('',*,*,#873,.F.);
#1307=ORIENTED_EDGE('',*,*,#876,.F.);
#1308=ORIENTED_EDGE('',*,*,#879,.F.);
#1309=ORIENTED_EDGE('',*,*,#882,.F.);
#1310=ORIENTED_EDGE('',*,*,#885,.F.);
#1311=ORIENTED_EDGE('',*,*,#888,.F.);
#1312=ORIENTED_EDGE('',*,*,#891,.F.);
#1313=ORIENTED_EDGE('',*,*,#894,.F.);
#1314=ORIENTED_EDGE('',*,*,#897,.F.);
#1315=ORIENTED_EDGE('',*,*,#900,.F.);
#1316=ORIENTED_EDGE('',*,*,#903,.F.);
#1317=ORIENTED_EDGE('',*,*,#906,.F.);
#1318=ORIENTED_EDGE('',*,*,#909,.F.);
#1319=ORIENTED_EDGE('',*,*,#912,.F.);
#1320=ORIENTED_EDGE('',*,*,#915,.F.);
#1321=ORIENTED_EDGE('',*,*,#918,.F.);
#1322=ORIENTED_EDGE('',*,*,#921,.F.);
#1323=ORIENTED_EDGE('',*,*,#924,.F.);
#1324=ORIENTED_EDGE('',*,*,#927,.F.);
#1325=ORIENTED_EDGE('',*,*,#930,.F.);
#1326=ORIENTED_EDGE('',*,*,#933,.F.);
#1327=ORIENTED_EDGE('',*,*,#936,.F.);
#1328=ORIENTED_EDGE('',*,*,#939,.F.);
#1329=ORIENTED_EDGE('',*,*,#942,.F.);
#1330=ORIENTED_EDGE('',*,*,#945,.F.);
#1331=ORIENTED_EDGE('',*,*,#948,.F.);
#1332=ORIENTED_EDGE('',*,*,#951,.F.);
#1333=ORIENTED_EDGE('',*,*,#954,.F.);
#1334=ORIENTED_EDGE('',*,*,#957,.F.);
#1335=ORIENTED_EDGE('',*,*,#960,.F.);
#1336=ORIENTED_EDGE('',*,*,#963,.F.);
#1337=ORIENTED_EDGE('',*,*,#968,.F.);
#1338=ORIENTED_EDGE('',*,*,#969,.F.);
#1339=ORIENTED_EDGE('',*,*,#970,.F.);
#1340=ORIENTED_EDGE('',*,*,#971,.F.);
#1341=ORIENTED_EDGE('',*,*,#972,.F.);
#1342=ORIENTED_EDGE('',*,*,#973,.F.);
#1343=ORIENTED_EDGE('',*,*,#974,.F.);
#1344=ORIENTED_EDGE('',*,*,#975,.F.);
#1345=ORIENTED_EDGE('',*,*,#974,.T.);
#1346=ORIENTED_EDGE('',*,*,#976,.F.);
#1347=ORIENTED_EDGE('',*,*,#977,.F.);
#1348=ORIENTED_EDGE('',*,*,#978,.T.);
#1349=ORIENTED_EDGE('',*,*,#969,.T.);
#1350=ORIENTED_EDGE('',*,*,#979,.F.);
#1351=ORIENTED_EDGE('',*,*,#980,.F.);
#1352=ORIENTED_EDGE('',*,*,#981,.T.);
#1353=ORIENTED_EDGE('',*,*,#973,.T.);
#1354=ORIENTED_EDGE('',*,*,#982,.T.);
#1355=ORIENTED_EDGE('',*,*,#983,.T.);
#1356=ORIENTED_EDGE('',*,*,#984,.T.);
#1357=ORIENTED_EDGE('',*,*,#985,.T.);
#1358=ORIENTED_EDGE('',*,*,#986,.T.);
#1359=ORIENTED_EDGE('',*,*,#987,.T.);
#1360=ORIENTED_EDGE('',*,*,#988,.T.);
#1361=ORIENTED_EDGE('',*,*,#989,.T.);
#1362=ORIENTED_EDGE('',*,*,#990,.T.);
#1363=ORIENTED_EDGE('',*,*,#991,.T.);
#1364=ORIENTED_EDGE('',*,*,#979,.T.);
#1365=ORIENTED_EDGE('',*,*,#968,.T.);
#1366=ORIENTED_EDGE('',*,*,#992,.T.);
#1367=ORIENTED_EDGE('',*,*,#993,.T.);
#1368=ORIENTED_EDGE('',*,*,#994,.T.);
#1369=ORIENTED_EDGE('',*,*,#995,.T.);
#1370=ORIENTED_EDGE('',*,*,#996,.T.);
#1371=ORIENTED_EDGE('',*,*,#997,.T.);
#1372=ORIENTED_EDGE('',*,*,#998,.T.);
#1373=ORIENTED_EDGE('',*,*,#999,.T.);
#1374=ORIENTED_EDGE('',*,*,#1000,.T.);
#1375=ORIENTED_EDGE('',*,*,#1001,.T.);
#1376=ORIENTED_EDGE('',*,*,#1002,.T.);
#1377=ORIENTED_EDGE('',*,*,#1003,.T.);
#1378=ORIENTED_EDGE('',*,*,#1004,.T.);
#1379=ORIENTED_EDGE('',*,*,#1005,.T.);
#1380=ORIENTED_EDGE('',*,*,#1006,.T.);
#1381=ORIENTED_EDGE('',*,*,#1007,.T.);
#1382=ORIENTED_EDGE('',*,*,#1008,.T.);
#1383=ORIENTED_EDGE('',*,*,#1009,.T.);
#1384=ORIENTED_EDGE('',*,*,#1010,.T.);
#1385=ORIENTED_EDGE('',*,*,#1011,.T.);
#1386=ORIENTED_EDGE('',*,*,#1012,.T.);
#1387=ORIENTED_EDGE('',*,*,#1013,.T.);
#1388=ORIENTED_EDGE('',*,*,#1014,.T.);
#1389=ORIENTED_EDGE('',*,*,#1015,.T.);
#1390=ORIENTED_EDGE('',*,*,#1016,.T.);
#1391=ORIENTED_EDGE('',*,*,#1017,.T.);
#1392=ORIENTED_EDGE('',*,*,#1018,.T.);
#1393=ORIENTED_EDGE('',*,*,#976,.T.);
#1394=ORIENTED_EDGE('',*,*,#972,.T.);
#1395=ORIENTED_EDGE('',*,*,#1019,.T.);
#1396=ORIENTED_EDGE('',*,*,#1020,.T.);
#1397=ORIENTED_EDGE('',*,*,#982,.F.);
#1398=ORIENTED_EDGE('',*,*,#975,.T.);
#1399=ORIENTED_EDGE('',*,*,#978,.F.);
#1400=ORIENTED_EDGE('',*,*,#1021,.F.);
#1401=ORIENTED_EDGE('',*,*,#1022,.F.);
#1402=ORIENTED_EDGE('',*,*,#1023,.F.);
#1403=ORIENTED_EDGE('',*,*,#1024,.F.);
#1404=ORIENTED_EDGE('',*,*,#1025,.F.);
#1405=ORIENTED_EDGE('',*,*,#1026,.F.);
#1406=ORIENTED_EDGE('',*,*,#1027,.F.);
#1407=ORIENTED_EDGE('',*,*,#1028,.F.);
#1408=ORIENTED_EDGE('',*,*,#1029,.F.);
#1409=ORIENTED_EDGE('',*,*,#1030,.F.);
#1410=ORIENTED_EDGE('',*,*,#1031,.F.);
#1411=ORIENTED_EDGE('',*,*,#1032,.F.);
#1412=ORIENTED_EDGE('',*,*,#1033,.F.);
#1413=ORIENTED_EDGE('',*,*,#1034,.F.);
#1414=ORIENTED_EDGE('',*,*,#1035,.F.);
#1415=ORIENTED_EDGE('',*,*,#1036,.F.);
#1416=ORIENTED_EDGE('',*,*,#1037,.F.);
#1417=ORIENTED_EDGE('',*,*,#1038,.F.);
#1418=ORIENTED_EDGE('',*,*,#1039,.F.);
#1419=ORIENTED_EDGE('',*,*,#1040,.F.);
#1420=ORIENTED_EDGE('',*,*,#1041,.F.);
#1421=ORIENTED_EDGE('',*,*,#1042,.F.);
#1422=ORIENTED_EDGE('',*,*,#1043,.F.);
#1423=ORIENTED_EDGE('',*,*,#1044,.F.);
#1424=ORIENTED_EDGE('',*,*,#1045,.F.);
#1425=ORIENTED_EDGE('',*,*,#1046,.F.);
#1426=ORIENTED_EDGE('',*,*,#1047,.F.);
#1427=ORIENTED_EDGE('',*,*,#970,.T.);
#1428=ORIENTED_EDGE('',*,*,#981,.F.);
#1429=ORIENTED_EDGE('',*,*,#1048,.F.);
#1430=ORIENTED_EDGE('',*,*,#1049,.F.);
#1431=ORIENTED_EDGE('',*,*,#1050,.F.);
#1432=ORIENTED_EDGE('',*,*,#1051,.F.);
#1433=ORIENTED_EDGE('',*,*,#1052,.F.);
#1434=ORIENTED_EDGE('',*,*,#1053,.F.);
#1435=ORIENTED_EDGE('',*,*,#1054,.F.);
#1436=ORIENTED_EDGE('',*,*,#1055,.F.);
#1437=ORIENTED_EDGE('',*,*,#1056,.F.);
#1438=ORIENTED_EDGE('',*,*,#1019,.F.);
#1439=ORIENTED_EDGE('',*,*,#1056,.T.);
#1440=ORIENTED_EDGE('',*,*,#1057,.T.);
#1441=ORIENTED_EDGE('',*,*,#983,.F.);
#1442=ORIENTED_EDGE('',*,*,#1020,.F.);
#1443=ORIENTED_EDGE('',*,*,#1055,.T.);
#1444=ORIENTED_EDGE('',*,*,#1058,.T.);
#1445=ORIENTED_EDGE('',*,*,#984,.F.);
#1446=ORIENTED_EDGE('',*,*,#1057,.F.);
#1447=ORIENTED_EDGE('',*,*,#1054,.T.);
#1448=ORIENTED_EDGE('',*,*,#1059,.T.);
#1449=ORIENTED_EDGE('',*,*,#985,.F.);
#1450=ORIENTED_EDGE('',*,*,#1058,.F.);
#1451=ORIENTED_EDGE('',*,*,#1053,.T.);
#1452=ORIENTED_EDGE('',*,*,#1060,.T.);
#1453=ORIENTED_EDGE('',*,*,#986,.F.);
#1454=ORIENTED_EDGE('',*,*,#1059,.F.);
#1455=ORIENTED_EDGE('',*,*,#1052,.T.);
#1456=ORIENTED_EDGE('',*,*,#1061,.T.);
#1457=ORIENTED_EDGE('',*,*,#987,.F.);
#1458=ORIENTED_EDGE('',*,*,#1060,.F.);
#1459=ORIENTED_EDGE('',*,*,#1051,.T.);
#1460=ORIENTED_EDGE('',*,*,#1062,.T.);
#1461=ORIENTED_EDGE('',*,*,#988,.F.);
#1462=ORIENTED_EDGE('',*,*,#1061,.F.);
#1463=ORIENTED_EDGE('',*,*,#1050,.T.);
#1464=ORIENTED_EDGE('',*,*,#1063,.T.);
#1465=ORIENTED_EDGE('',*,*,#989,.F.);
#1466=ORIENTED_EDGE('',*,*,#1062,.F.);
#1467=ORIENTED_EDGE('',*,*,#1049,.T.);
#1468=ORIENTED_EDGE('',*,*,#1064,.T.);
#1469=ORIENTED_EDGE('',*,*,#990,.F.);
#1470=ORIENTED_EDGE('',*,*,#1063,.F.);
#1471=ORIENTED_EDGE('',*,*,#1048,.T.);
#1472=ORIENTED_EDGE('',*,*,#980,.T.);
#1473=ORIENTED_EDGE('',*,*,#991,.F.);
#1474=ORIENTED_EDGE('',*,*,#1064,.F.);
#1475=ORIENTED_EDGE('',*,*,#1034,.T.);
#1476=ORIENTED_EDGE('',*,*,#1065,.T.);
#1477=ORIENTED_EDGE('',*,*,#1005,.F.);
#1478=ORIENTED_EDGE('',*,*,#1066,.F.);
#1479=ORIENTED_EDGE('',*,*,#1033,.T.);
#1480=ORIENTED_EDGE('',*,*,#1067,.T.);
#1481=ORIENTED_EDGE('',*,*,#1006,.F.);
#1482=ORIENTED_EDGE('',*,*,#1065,.F.);
#1483=ORIENTED_EDGE('',*,*,#1032,.T.);
#1484=ORIENTED_EDGE('',*,*,#1068,.T.);
#1485=ORIENTED_EDGE('',*,*,#1007,.F.);
#1486=ORIENTED_EDGE('',*,*,#1067,.F.);
#1487=ORIENTED_EDGE('',*,*,#1031,.T.);
#1488=ORIENTED_EDGE('',*,*,#1069,.T.);
#1489=ORIENTED_EDGE('',*,*,#1008,.F.);
#1490=ORIENTED_EDGE('',*,*,#1068,.F.);
#1491=ORIENTED_EDGE('',*,*,#1030,.T.);
#1492=ORIENTED_EDGE('',*,*,#1070,.T.);
#1493=ORIENTED_EDGE('',*,*,#1009,.F.);
#1494=ORIENTED_EDGE('',*,*,#1069,.F.);
#1495=ORIENTED_EDGE('',*,*,#1029,.T.);
#1496=ORIENTED_EDGE('',*,*,#1071,.T.);
#1497=ORIENTED_EDGE('',*,*,#1010,.F.);
#1498=ORIENTED_EDGE('',*,*,#1070,.F.);
#1499=ORIENTED_EDGE('',*,*,#1028,.T.);
#1500=ORIENTED_EDGE('',*,*,#1072,.T.);
#1501=ORIENTED_EDGE('',*,*,#1011,.F.);
#1502=ORIENTED_EDGE('',*,*,#1071,.F.);
#1503=ORIENTED_EDGE('',*,*,#1027,.T.);
#1504=ORIENTED_EDGE('',*,*,#1073,.T.);
#1505=ORIENTED_EDGE('',*,*,#1012,.F.);
#1506=ORIENTED_EDGE('',*,*,#1072,.F.);
#1507=ORIENTED_EDGE('',*,*,#1026,.T.);
#1508=ORIENTED_EDGE('',*,*,#1074,.T.);
#1509=ORIENTED_EDGE('',*,*,#1013,.F.);
#1510=ORIENTED_EDGE('',*,*,#1073,.F.);
#1511=ORIENTED_EDGE('',*,*,#1025,.T.);
#1512=ORIENTED_EDGE('',*,*,#1075,.T.);
#1513=ORIENTED_EDGE('',*,*,#1014,.F.);
#1514=ORIENTED_EDGE('',*,*,#1074,.F.);
#1515=ORIENTED_EDGE('',*,*,#1024,.T.);
#1516=ORIENTED_EDGE('',*,*,#1076,.T.);
#1517=ORIENTED_EDGE('',*,*,#1015,.F.);
#1518=ORIENTED_EDGE('',*,*,#1075,.F.);
#1519=ORIENTED_EDGE('',*,*,#1023,.T.);
#1520=ORIENTED_EDGE('',*,*,#1077,.T.);
#1521=ORIENTED_EDGE('',*,*,#1016,.F.);
#1522=ORIENTED_EDGE('',*,*,#1076,.F.);
#1523=ORIENTED_EDGE('',*,*,#1022,.T.);
#1524=ORIENTED_EDGE('',*,*,#1078,.T.);
#1525=ORIENTED_EDGE('',*,*,#1017,.F.);
#1526=ORIENTED_EDGE('',*,*,#1077,.F.);
#1527=ORIENTED_EDGE('',*,*,#1021,.T.);
#1528=ORIENTED_EDGE('',*,*,#977,.T.);
#1529=ORIENTED_EDGE('',*,*,#1018,.F.);
#1530=ORIENTED_EDGE('',*,*,#1078,.F.);
#1531=ORIENTED_EDGE('',*,*,#971,.T.);
#1532=ORIENTED_EDGE('',*,*,#1047,.T.);
#1533=ORIENTED_EDGE('',*,*,#1079,.T.);
#1534=ORIENTED_EDGE('',*,*,#992,.F.);
#1535=ORIENTED_EDGE('',*,*,#1046,.T.);
#1536=ORIENTED_EDGE('',*,*,#1080,.T.);
#1537=ORIENTED_EDGE('',*,*,#993,.F.);
#1538=ORIENTED_EDGE('',*,*,#1079,.F.);
#1539=ORIENTED_EDGE('',*,*,#1045,.T.);
#1540=ORIENTED_EDGE('',*,*,#1081,.T.);
#1541=ORIENTED_EDGE('',*,*,#994,.F.);
#1542=ORIENTED_EDGE('',*,*,#1080,.F.);
#1543=ORIENTED_EDGE('',*,*,#1044,.T.);
#1544=ORIENTED_EDGE('',*,*,#1082,.T.);
#1545=ORIENTED_EDGE('',*,*,#995,.F.);
#1546=ORIENTED_EDGE('',*,*,#1081,.F.);
#1547=ORIENTED_EDGE('',*,*,#1043,.T.);
#1548=ORIENTED_EDGE('',*,*,#1083,.T.);
#1549=ORIENTED_EDGE('',*,*,#996,.F.);
#1550=ORIENTED_EDGE('',*,*,#1082,.F.);
#1551=ORIENTED_EDGE('',*,*,#1042,.T.);
#1552=ORIENTED_EDGE('',*,*,#1084,.T.);
#1553=ORIENTED_EDGE('',*,*,#997,.F.);
#1554=ORIENTED_EDGE('',*,*,#1083,.F.);
#1555=ORIENTED_EDGE('',*,*,#1041,.T.);
#1556=ORIENTED_EDGE('',*,*,#1085,.T.);
#1557=ORIENTED_EDGE('',*,*,#998,.F.);
#1558=ORIENTED_EDGE('',*,*,#1084,.F.);
#1559=ORIENTED_EDGE('',*,*,#1040,.T.);
#1560=ORIENTED_EDGE('',*,*,#1086,.T.);
#1561=ORIENTED_EDGE('',*,*,#999,.F.);
#1562=ORIENTED_EDGE('',*,*,#1085,.F.);
#1563=ORIENTED_EDGE('',*,*,#1039,.T.);
#1564=ORIENTED_EDGE('',*,*,#1087,.T.);
#1565=ORIENTED_EDGE('',*,*,#1000,.F.);
#1566=ORIENTED_EDGE('',*,*,#1086,.F.);
#1567=ORIENTED_EDGE('',*,*,#1038,.T.);
#1568=ORIENTED_EDGE('',*,*,#1088,.T.);
#1569=ORIENTED_EDGE('',*,*,#1001,.F.);
#1570=ORIENTED_EDGE('',*,*,#1087,.F.);
#1571=ORIENTED_EDGE('',*,*,#1037,.T.);
#1572=ORIENTED_EDGE('',*,*,#1089,.T.);
#1573=ORIENTED_EDGE('',*,*,#1002,.F.);
#1574=ORIENTED_EDGE('',*,*,#1088,.F.);
#1575=ORIENTED_EDGE('',*,*,#1036,.T.);
#1576=ORIENTED_EDGE('',*,*,#1090,.T.);
#1577=ORIENTED_EDGE('',*,*,#1003,.F.);
#1578=ORIENTED_EDGE('',*,*,#1089,.F.);
#1579=ORIENTED_EDGE('',*,*,#1035,.T.);
#1580=ORIENTED_EDGE('',*,*,#1066,.T.);
#1581=ORIENTED_EDGE('',*,*,#1004,.F.);
#1582=ORIENTED_EDGE('',*,*,#1090,.F.);
#1583=PLANE('',#1770);
#1584=PLANE('',#1771);
#1585=PLANE('',#1772);
#1586=PLANE('',#1773);
#1587=PLANE('',#1774);
#1588=PLANE('',#1775);
#1589=PLANE('',#1776);
#1590=PLANE('',#1777);
#1591=PLANE('',#1778);
#1592=PLANE('',#1779);
#1593=PLANE('',#1780);
#1594=PLANE('',#1781);
#1595=PLANE('',#1782);
#1596=PLANE('',#1783);
#1597=PLANE('',#1784);
#1598=PLANE('',#1785);
#1599=PLANE('',#1786);
#1600=PLANE('',#1787);
#1601=PLANE('',#1788);
#1602=PLANE('',#1789);
#1603=PLANE('',#1790);
#1604=PLANE('',#1791);
#1605=PLANE('',#1792);
#1606=PLANE('',#1793);
#1607=PLANE('',#1794);
#1608=PLANE('',#1795);
#1609=PLANE('',#1796);
#1610=PLANE('',#1797);
#1611=PLANE('',#1798);
#1612=PLANE('',#1799);
#1613=PLANE('',#1800);
#1614=PLANE('',#1801);
#1615=PLANE('',#1802);
#1616=PLANE('',#1803);
#1617=PLANE('',#1804);
#1618=PLANE('',#1805);
#1619=PLANE('',#1806);
#1620=PLANE('',#1807);
#1621=PLANE('',#1808);
#1622=PLANE('',#1809);
#1623=PLANE('',#1810);
#1624=PLANE('',#1811);
#1625=PLANE('',#1812);
#1626=PLANE('',#1813);
#1627=PLANE('',#1814);
#1628=PLANE('',#1815);
#1629=PLANE('',#1816);
#1630=PLANE('',#1817);
#1631=PLANE('',#1818);
#1632=PLANE('',#1819);
#1633=PLANE('',#1820);
#1634=PLANE('',#1821);
#1635=PLANE('',#1822);
#1636=PLANE('',#1823);
#1637=PLANE('',#1824);
#1638=PLANE('',#1825);
#1639=PLANE('',#1826);
#1640=PLANE('',#1827);
#1641=PLANE('',#1828);
#1642=PLANE('',#1829);
#1643=PLANE('',#1830);
#1644=PLANE('',#1831);
#1645=PLANE('',#1832);
#1646=PLANE('',#1833);
#1647=PLANE('',#1834);
#1648=PLANE('',#1835);
#1649=PLANE('',#1836);
#1650=PLANE('',#1837);
#1651=PLANE('',#1838);
#1652=PLANE('',#1839);
#1653=PLANE('',#1840);
#1654=PLANE('',#1841);
#1655=PLANE('',#1842);
#1656=PLANE('',#1843);
#1657=PLANE('',#1844);
#1658=PLANE('',#1845);
#1659=PLANE('',#1846);
#1660=PLANE('',#1847);
#1661=PLANE('',#1848);
#1662=PLANE('',#1849);
#1663=PLANE('',#1850);
#1664=PLANE('',#1851);
#1665=PLANE('',#1852);
#1666=PLANE('',#1853);
#1667=PLANE('',#1854);
#1668=PLANE('',#1855);
#1669=ADVANCED_FACE('',(#17),#1583,.T.);
#1670=ADVANCED_FACE('',(#18),#1584,.T.);
#1671=ADVANCED_FACE('',(#19),#1585,.T.);
#1672=ADVANCED_FACE('',(#20),#1586,.T.);
#1673=ADVANCED_FACE('',(#21),#1587,.T.);
#1674=ADVANCED_FACE('',(#22),#1588,.T.);
#1675=ADVANCED_FACE('',(#23),#1589,.T.);
#1676=ADVANCED_FACE('',(#24),#1590,.T.);
#1677=ADVANCED_FACE('',(#25),#1591,.T.);
#1678=ADVANCED_FACE('',(#26),#1592,.T.);
#1679=ADVANCED_FACE('',(#27),#1593,.T.);
#1680=ADVANCED_FACE('',(#28),#1594,.T.);
#1681=ADVANCED_FACE('',(#29),#1595,.T.);
#1682=ADVANCED_FACE('',(#30),#1596,.T.);
#1683=ADVANCED_FACE('',(#31),#1597,.T.);
#1684=ADVANCED_FACE('',(#32),#1598,.T.);
#1685=ADVANCED_FACE('',(#33),#1599,.T.);
#1686=ADVANCED_FACE('',(#34),#1600,.T.);
#1687=ADVANCED_FACE('',(#35),#1601,.T.);
#1688=ADVANCED_FACE('',(#36),#1602,.T.);
#1689=ADVANCED_FACE('',(#37),#1603,.T.);
#1690=ADVANCED_FACE('',(#38),#1604,.T.);
#1691=ADVANCED_FACE('',(#39),#1605,.T.);
#1692=ADVANCED_FACE('',(#40),#1606,.T.);
#1693=ADVANCED_FACE('',(#41),#1607,.T.);
#1694=ADVANCED_FACE('',(#42),#1608,.T.);
#1695=ADVANCED_FACE('',(#43),#1609,.T.);
#1696=ADVANCED_FACE('',(#44),#1610,.T.);
#1697=ADVANCED_FACE('',(#45),#1611,.T.);
#1698=ADVANCED_FACE('',(#46),#1612,.T.);
#1699=ADVANCED_FACE('',(#47),#1613,.T.);
#1700=ADVANCED_FACE('',(#48),#1614,.T.);
#1701=ADVANCED_FACE('',(#49),#1615,.T.);
#1702=ADVANCED_FACE('',(#50),#1616,.T.);
#1703=ADVANCED_FACE('',(#51),#1617,.T.);
#1704=ADVANCED_FACE('',(#52),#1618,.T.);
#1705=ADVANCED_FACE('',(#53),#1619,.T.);
#1706=ADVANCED_FACE('',(#54),#1620,.T.);
#1707=ADVANCED_FACE('',(#55),#1621,.T.);
#1708=ADVANCED_FACE('',(#56),#1622,.T.);
#1709=ADVANCED_FACE('',(#57),#1623,.T.);
#1710=ADVANCED_FACE('',(#58),#1624,.T.);
#1711=ADVANCED_FACE('',(#59),#1625,.F.);
#1712=ADVANCED_FACE('',(#60),#1626,.T.);
#1713=ADVANCED_FACE('',(#61),#1627,.T.);
#1714=ADVANCED_FACE('',(#62),#1628,.T.);
#1715=ADVANCED_FACE('',(#63),#1629,.T.);
#1716=ADVANCED_FACE('',(#64),#1630,.T.);
#1717=ADVANCED_FACE('',(#65),#1631,.T.);
#1718=ADVANCED_FACE('',(#66),#1632,.F.);
#1719=ADVANCED_FACE('',(#67),#1633,.T.);
#1720=ADVANCED_FACE('',(#68),#1634,.T.);
#1721=ADVANCED_FACE('',(#69),#1635,.T.);
#1722=ADVANCED_FACE('',(#70),#1636,.T.);
#1723=ADVANCED_FACE('',(#71),#1637,.T.);
#1724=ADVANCED_FACE('',(#72),#1638,.T.);
#1725=ADVANCED_FACE('',(#73),#1639,.T.);
#1726=ADVANCED_FACE('',(#74),#1640,.T.);
#1727=ADVANCED_FACE('',(#75),#1641,.T.);
#1728=ADVANCED_FACE('',(#76),#1642,.T.);
#1729=ADVANCED_FACE('',(#77),#1643,.T.);
#1730=ADVANCED_FACE('',(#78),#1644,.T.);
#1731=ADVANCED_FACE('',(#79),#1645,.T.);
#1732=ADVANCED_FACE('',(#80),#1646,.T.);
#1733=ADVANCED_FACE('',(#81),#1647,.T.);
#1734=ADVANCED_FACE('',(#82),#1648,.T.);
#1735=ADVANCED_FACE('',(#83),#1649,.T.);
#1736=ADVANCED_FACE('',(#84),#1650,.T.);
#1737=ADVANCED_FACE('',(#85),#1651,.T.);
#1738=ADVANCED_FACE('',(#86),#1652,.T.);
#1739=ADVANCED_FACE('',(#87),#1653,.T.);
#1740=ADVANCED_FACE('',(#88),#1654,.T.);
#1741=ADVANCED_FACE('',(#89),#1655,.T.);
#1742=ADVANCED_FACE('',(#90),#1656,.T.);
#1743=ADVANCED_FACE('',(#91),#1657,.T.);
#1744=ADVANCED_FACE('',(#92),#1658,.T.);
#1745=ADVANCED_FACE('',(#93),#1659,.T.);
#1746=ADVANCED_FACE('',(#94),#1660,.T.);
#1747=ADVANCED_FACE('',(#95),#1661,.T.);
#1748=ADVANCED_FACE('',(#96),#1662,.T.);
#1749=ADVANCED_FACE('',(#97),#1663,.T.);
#1750=ADVANCED_FACE('',(#98),#1664,.T.);
#1751=ADVANCED_FACE('',(#99),#1665,.T.);
#1752=ADVANCED_FACE('',(#100),#1666,.T.);
#1753=ADVANCED_FACE('',(#101),#1667,.T.);
#1754=ADVANCED_FACE('',(#102),#1668,.T.);
#1755=CLOSED_SHELL('',(#1669,#1670,#1671,#1672,#1673,#1674,#1675,#1676,
#1677,#1678,#1679,#1680,#1681,#1682,#1683,#1684,#1685,#1686,#1687,#1688,
#1689,#1690,#1691,#1692,#1693,#1694,#1695,#1696,#1697,#1698,#1699,#1700,
#1701,#1702,#1703,#1704,#1705,#1706,#1707,#1708,#1709,#1710,#1711));
#1756=CLOSED_SHELL('',(#1712,#1713,#1714,#1715,#1716,#1717,#1718,#1719,
#1720,#1721,#1722,#1723,#1724,#1725,#1726,#1727,#1728,#1729,#1730,#1731,
#1732,#1733,#1734,#1735,#1736,#1737,#1738,#1739,#1740,#1741,#1742,#1743,
#1744,#1745,#1746,#1747,#1748,#1749,#1750,#1751,#1752,#1753,#1754));
#1757=DERIVED_UNIT_ELEMENT(#1759,1.);
#1758=DERIVED_UNIT_ELEMENT(#2778,-3.);
#1759=(
MASS_UNIT()
NAMED_UNIT(*)
SI_UNIT(.KILO.,.GRAM.)
);
#1760=DERIVED_UNIT((#1757,#1758));
#1761=MEASURE_REPRESENTATION_ITEM('density measure',
POSITIVE_RATIO_MEASURE(7850.),#1760);
#1762=PROPERTY_DEFINITION_REPRESENTATION(#1767,#1764);
#1763=PROPERTY_DEFINITION_REPRESENTATION(#1768,#1765);
#1764=REPRESENTATION('material name',(#1766),#2775);
#1765=REPRESENTATION('density',(#1761),#2775);
#1766=DESCRIPTIVE_REPRESENTATION_ITEM('Steel','Steel');
#1767=PROPERTY_DEFINITION('material property','material name',#2785);
#1768=PROPERTY_DEFINITION('material property','density of part',#2785);
#1769=AXIS2_PLACEMENT_3D('',#2276,#1856,#1857);
#1770=AXIS2_PLACEMENT_3D('',#2277,#1858,#1859);
#1771=AXIS2_PLACEMENT_3D('',#2286,#1864,#1865);
#1772=AXIS2_PLACEMENT_3D('',#2292,#1869,#1870);
#1773=AXIS2_PLACEMENT_3D('',#2298,#1874,#1875);
#1774=AXIS2_PLACEMENT_3D('',#2304,#1879,#1880);
#1775=AXIS2_PLACEMENT_3D('',#2310,#1884,#1885);
#1776=AXIS2_PLACEMENT_3D('',#2316,#1889,#1890);
#1777=AXIS2_PLACEMENT_3D('',#2322,#1894,#1895);
#1778=AXIS2_PLACEMENT_3D('',#2328,#1899,#1900);
#1779=AXIS2_PLACEMENT_3D('',#2334,#1904,#1905);
#1780=AXIS2_PLACEMENT_3D('',#2340,#1909,#1910);
#1781=AXIS2_PLACEMENT_3D('',#2346,#1914,#1915);
#1782=AXIS2_PLACEMENT_3D('',#2352,#1919,#1920);
#1783=AXIS2_PLACEMENT_3D('',#2358,#1924,#1925);
#1784=AXIS2_PLACEMENT_3D('',#2364,#1929,#1930);
#1785=AXIS2_PLACEMENT_3D('',#2370,#1934,#1935);
#1786=AXIS2_PLACEMENT_3D('',#2376,#1939,#1940);
#1787=AXIS2_PLACEMENT_3D('',#2382,#1944,#1945);
#1788=AXIS2_PLACEMENT_3D('',#2388,#1949,#1950);
#1789=AXIS2_PLACEMENT_3D('',#2394,#1954,#1955);
#1790=AXIS2_PLACEMENT_3D('',#2400,#1959,#1960);
#1791=AXIS2_PLACEMENT_3D('',#2406,#1964,#1965);
#1792=AXIS2_PLACEMENT_3D('',#2412,#1969,#1970);
#1793=AXIS2_PLACEMENT_3D('',#2418,#1974,#1975);
#1794=AXIS2_PLACEMENT_3D('',#2424,#1979,#1980);
#1795=AXIS2_PLACEMENT_3D('',#2430,#1984,#1985);
#1796=AXIS2_PLACEMENT_3D('',#2436,#1989,#1990);
#1797=AXIS2_PLACEMENT_3D('',#2442,#1994,#1995);
#1798=AXIS2_PLACEMENT_3D('',#2448,#1999,#2000);
#1799=AXIS2_PLACEMENT_3D('',#2454,#2004,#2005);
#1800=AXIS2_PLACEMENT_3D('',#2460,#2009,#2010);
#1801=AXIS2_PLACEMENT_3D('',#2466,#2014,#2015);
#1802=AXIS2_PLACEMENT_3D('',#2472,#2019,#2020);
#1803=AXIS2_PLACEMENT_3D('',#2478,#2024,#2025);
#1804=AXIS2_PLACEMENT_3D('',#2484,#2029,#2030);
#1805=AXIS2_PLACEMENT_3D('',#2490,#2034,#2035);
#1806=AXIS2_PLACEMENT_3D('',#2496,#2039,#2040);
#1807=AXIS2_PLACEMENT_3D('',#2502,#2044,#2045);
#1808=AXIS2_PLACEMENT_3D('',#2508,#2049,#2050);
#1809=AXIS2_PLACEMENT_3D('',#2514,#2054,#2055);
#1810=AXIS2_PLACEMENT_3D('',#2520,#2059,#2060);
#1811=AXIS2_PLACEMENT_3D('',#2523,#2063,#2064);
#1812=AXIS2_PLACEMENT_3D('',#2524,#2065,#2066);
#1813=AXIS2_PLACEMENT_3D('',#2525,#2067,#2068);
#1814=AXIS2_PLACEMENT_3D('',#2534,#2073,#2074);
#1815=AXIS2_PLACEMENT_3D('',#2543,#2079,#2080);
#1816=AXIS2_PLACEMENT_3D('',#2549,#2084,#2085);
#1817=AXIS2_PLACEMENT_3D('',#2555,#2089,#2090);
#1818=AXIS2_PLACEMENT_3D('',#2628,#2128,#2129);
#1819=AXIS2_PLACEMENT_3D('',#2632,#2132,#2133);
#1820=AXIS2_PLACEMENT_3D('',#2703,#2170,#2171);
#1821=AXIS2_PLACEMENT_3D('',#2705,#2173,#2174);
#1822=AXIS2_PLACEMENT_3D('',#2707,#2176,#2177);
#1823=AXIS2_PLACEMENT_3D('',#2709,#2179,#2180);
#1824=AXIS2_PLACEMENT_3D('',#2711,#2182,#2183);
#1825=AXIS2_PLACEMENT_3D('',#2713,#2185,#2186);
#1826=AXIS2_PLACEMENT_3D('',#2715,#2188,#2189);
#1827=AXIS2_PLACEMENT_3D('',#2717,#2191,#2192);
#1828=AXIS2_PLACEMENT_3D('',#2719,#2194,#2195);
#1829=AXIS2_PLACEMENT_3D('',#2720,#2196,#2197);
#1830=AXIS2_PLACEMENT_3D('',#2723,#2200,#2201);
#1831=AXIS2_PLACEMENT_3D('',#2725,#2203,#2204);
#1832=AXIS2_PLACEMENT_3D('',#2727,#2206,#2207);
#1833=AXIS2_PLACEMENT_3D('',#2729,#2209,#2210);
#1834=AXIS2_PLACEMENT_3D('',#2731,#2212,#2213);
#1835=AXIS2_PLACEMENT_3D('',#2733,#2215,#2216);
#1836=AXIS2_PLACEMENT_3D('',#2735,#2218,#2219);
#1837=AXIS2_PLACEMENT_3D('',#2737,#2221,#2222);
#1838=AXIS2_PLACEMENT_3D('',#2739,#2224,#2225);
#1839=AXIS2_PLACEMENT_3D('',#2741,#2227,#2228);
#1840=AXIS2_PLACEMENT_3D('',#2743,#2230,#2231);
#1841=AXIS2_PLACEMENT_3D('',#2745,#2233,#2234);
#1842=AXIS2_PLACEMENT_3D('',#2747,#2236,#2237);
#1843=AXIS2_PLACEMENT_3D('',#2748,#2238,#2239);
#1844=AXIS2_PLACEMENT_3D('',#2750,#2241,#2242);
#1845=AXIS2_PLACEMENT_3D('',#2752,#2244,#2245);
#1846=AXIS2_PLACEMENT_3D('',#2754,#2247,#2248);
#1847=AXIS2_PLACEMENT_3D('',#2756,#2250,#2251);
#1848=AXIS2_PLACEMENT_3D('',#2758,#2253,#2254);
#1849=AXIS2_PLACEMENT_3D('',#2760,#2256,#2257);
#1850=AXIS2_PLACEMENT_3D('',#2762,#2259,#2260);
#1851=AXIS2_PLACEMENT_3D('',#2764,#2262,#2263);
#1852=AXIS2_PLACEMENT_3D('',#2766,#2265,#2266);
#1853=AXIS2_PLACEMENT_3D('',#2768,#2268,#2269);
#1854=AXIS2_PLACEMENT_3D('',#2770,#2271,#2272);
#1855=AXIS2_PLACEMENT_3D('',#2772,#2274,#2275);
#1856=DIRECTION('axis',(0.,0.,1.));
#1857=DIRECTION('refdir',(1.,0.,0.));
#1858=DIRECTION('center_axis',(1.,0.,0.));
#1859=DIRECTION('ref_axis',(0.,1.,0.));
#1860=DIRECTION('',(0.,1.,0.));
#1861=DIRECTION('',(0.,0.,1.));
#1862=DIRECTION('',(0.,1.,0.));
#1863=DIRECTION('',(0.,0.,1.));
#1864=DIRECTION('center_axis',(0.,-1.,0.));
#1865=DIRECTION('ref_axis',(1.,0.,0.));
#1866=DIRECTION('',(1.,0.,0.));
#1867=DIRECTION('',(1.,0.,0.));
#1868=DIRECTION('',(0.,0.,1.));
#1869=DIRECTION('center_axis',(0.195090852694524,-0.980785174844585,0.));
#1870=DIRECTION('ref_axis',(0.980785174844585,0.195090852694524,0.));
#1871=DIRECTION('',(0.980785174844585,0.195090852694524,0.));
#1872=DIRECTION('',(0.980785174844585,0.195090852694524,0.));
#1873=DIRECTION('',(0.,0.,1.));
#1874=DIRECTION('center_axis',(0.707106781186548,-0.707106781186548,0.));
#1875=DIRECTION('ref_axis',(0.707106781186548,0.707106781186548,0.));
#1876=DIRECTION('',(0.707106781186548,0.707106781186548,0.));
#1877=DIRECTION('',(0.707106781186548,0.707106781186548,0.));
#1878=DIRECTION('',(0.,0.,1.));
#1879=DIRECTION('center_axis',(0.980785174844585,-0.195090852694524,0.));
#1880=DIRECTION('ref_axis',(0.195090852694524,0.980785174844585,0.));
#1881=DIRECTION('',(0.195090852694524,0.980785174844585,0.));
#1882=DIRECTION('',(0.195090852694524,0.980785174844585,0.));
#1883=DIRECTION('',(0.,0.,1.));
#1884=DIRECTION('center_axis',(1.,0.,0.));
#1885=DIRECTION('ref_axis',(0.,1.,0.));
#1886=DIRECTION('',(0.,1.,0.));
#1887=DIRECTION('',(0.,1.,0.));
#1888=DIRECTION('',(0.,0.,1.));
#1889=DIRECTION('center_axis',(0.980785174844585,0.195090852694524,0.));
#1890=DIRECTION('ref_axis',(-0.195090852694524,0.980785174844585,0.));
#1891=DIRECTION('',(-0.195090852694524,0.980785174844585,0.));
#1892=DIRECTION('',(-0.195090852694524,0.980785174844585,0.));
#1893=DIRECTION('',(0.,0.,1.));
#1894=DIRECTION('center_axis',(0.70710678118678,0.707106781186315,0.));
#1895=DIRECTION('ref_axis',(-0.707106781186315,0.70710678118678,0.));
#1896=DIRECTION('',(-0.707106781186315,0.70710678118678,0.));
#1897=DIRECTION('',(-0.707106781186315,0.70710678118678,0.));
#1898=DIRECTION('',(0.,0.,1.));
#1899=DIRECTION('center_axis',(0.195090852694524,0.980785174844585,0.));
#1900=DIRECTION('ref_axis',(-0.980785174844585,0.195090852694524,0.));
#1901=DIRECTION('',(-0.980785174844585,0.195090852694524,0.));
#1902=DIRECTION('',(-0.980785174844585,0.195090852694524,0.));
#1903=DIRECTION('',(0.,0.,1.));
#1904=DIRECTION('center_axis',(0.,1.,0.));
#1905=DIRECTION('ref_axis',(-1.,0.,0.));
#1906=DIRECTION('',(-1.,0.,0.));
#1907=DIRECTION('',(-1.,0.,0.));
#1908=DIRECTION('',(0.,0.,1.));
#1909=DIRECTION('center_axis',(0.722641790190039,0.691222715968548,0.));
#1910=DIRECTION('ref_axis',(-0.691222715968548,0.722641790190039,0.));
#1911=DIRECTION('',(-0.691222715968548,0.722641790190039,0.));
#1912=DIRECTION('',(-0.691222715968548,0.722641790190039,0.));
#1913=DIRECTION('',(0.,0.,1.));
#1914=DIRECTION('center_axis',(1.,0.,0.));
#1915=DIRECTION('ref_axis',(0.,1.,0.));
#1916=DIRECTION('',(0.,1.,0.));
#1917=DIRECTION('',(0.,1.,0.));
#1918=DIRECTION('',(0.,0.,1.));
#1919=DIRECTION('center_axis',(0.981269146844732,0.192641795700235,0.));
#1920=DIRECTION('ref_axis',(-0.192641795700235,0.981269146844732,0.));
#1921=DIRECTION('',(-0.192641795700235,0.981269146844732,0.));
#1922=DIRECTION('',(-0.192641795700235,0.981269146844732,0.));
#1923=DIRECTION('',(0.,0.,1.));
#1924=DIRECTION('center_axis',(0.98386991004737,-0.178885438488937,0.));
#1925=DIRECTION('ref_axis',(0.178885438488937,0.98386991004737,0.));
#1926=DIRECTION('',(0.178885438488937,0.98386991004737,0.));
#1927=DIRECTION('',(0.178885438488937,0.98386991004737,0.));
#1928=DIRECTION('',(0.,0.,1.));
#1929=DIRECTION('center_axis',(0.999913747361415,0.0131338432171353,0.));
#1930=DIRECTION('ref_axis',(-0.0131338432171353,0.999913747361415,0.));
#1931=DIRECTION('',(-0.0131338432171353,0.999913747361415,0.));
#1932=DIRECTION('',(-0.0131338432171353,0.999913747361415,0.));
#1933=DIRECTION('',(0.,0.,1.));
#1934=DIRECTION('center_axis',(0.593095776901579,-0.805131914298217,0.));
#1935=DIRECTION('ref_axis',(0.805131914298217,0.593095776901579,0.));
#1936=DIRECTION('',(0.805131914298217,0.593095776901579,0.));
#1937=DIRECTION('',(0.805131914298217,0.593095776901579,0.));
#1938=DIRECTION('',(0.,0.,1.));
#1939=DIRECTION('center_axis',(0.738760651619661,-0.673967877289782,0.));
#1940=DIRECTION('ref_axis',(0.673967877289782,0.738760651619661,0.));
#1941=DIRECTION('',(0.673967877289782,0.738760651619661,0.));
#1942=DIRECTION('',(0.673967877289782,0.738760651619661,0.));
#1943=DIRECTION('',(0.,0.,1.));
#1944=DIRECTION('center_axis',(0.988656413268841,-0.150194861770936,0.));
#1945=DIRECTION('ref_axis',(0.150194861770936,0.988656413268841,0.));
#1946=DIRECTION('',(0.150194861770936,0.988656413268841,0.));
#1947=DIRECTION('',(0.150194861770936,0.988656413268841,0.));
#1948=DIRECTION('',(0.,0.,1.));
#1949=DIRECTION('center_axis',(0.707359364401125,-0.706854107715331,0.));
#1950=DIRECTION('ref_axis',(0.706854107715331,0.707359364401125,0.));
#1951=DIRECTION('',(0.706854107715331,0.707359364401125,0.));
#1952=DIRECTION('',(0.706854107715331,0.707359364401125,0.));
#1953=DIRECTION('',(0.,0.,1.));
#1954=DIRECTION('center_axis',(0.980785174844585,-0.195090852694524,0.));
#1955=DIRECTION('ref_axis',(0.195090852694524,0.980785174844585,0.));
#1956=DIRECTION('',(0.195090852694524,0.980785174844585,0.));
#1957=DIRECTION('',(0.195090852694524,0.980785174844585,0.));
#1958=DIRECTION('',(0.,0.,1.));
#1959=DIRECTION('center_axis',(1.,0.,0.));
#1960=DIRECTION('ref_axis',(0.,1.,0.));
#1961=DIRECTION('',(0.,1.,0.));
#1962=DIRECTION('',(0.,1.,0.));
#1963=DIRECTION('',(0.,0.,1.));
#1964=DIRECTION('center_axis',(0.,-1.,0.));
#1965=DIRECTION('ref_axis',(1.,0.,0.));
#1966=DIRECTION('',(1.,0.,0.));
#1967=DIRECTION('',(1.,0.,0.));
#1968=DIRECTION('',(0.,0.,1.));
#1969=DIRECTION('center_axis',(-1.,0.,0.));
#1970=DIRECTION('ref_axis',(0.,-1.,0.));
#1971=DIRECTION('',(0.,-1.,0.));
#1972=DIRECTION('',(0.,-1.,0.));
#1973=DIRECTION('',(0.,0.,1.));
#1974=DIRECTION('center_axis',(-0.980785174844585,-0.195090852694524,0.));
#1975=DIRECTION('ref_axis',(0.195090852694524,-0.980785174844585,0.));
#1976=DIRECTION('',(0.195090852694524,-0.980785174844585,0.));
#1977=DIRECTION('',(0.195090852694524,-0.980785174844585,0.));
#1978=DIRECTION('',(0.,0.,1.));
#1979=DIRECTION('center_axis',(-0.707106781183746,-0.707106781189349,0.));
#1980=DIRECTION('ref_axis',(0.707106781189349,-0.707106781183746,0.));
#1981=DIRECTION('',(0.707106781189349,-0.707106781183746,0.));
#1982=DIRECTION('',(0.707106781189349,-0.707106781183746,0.));
#1983=DIRECTION('',(0.,0.,1.));
#1984=DIRECTION('center_axis',(-0.970179619152958,-0.24238710068859,0.));
#1985=DIRECTION('ref_axis',(0.24238710068859,-0.970179619152958,0.));
#1986=DIRECTION('',(0.24238710068859,-0.970179619152958,0.));
#1987=DIRECTION('',(0.24238710068859,-0.970179619152958,0.));
#1988=DIRECTION('',(0.,0.,1.));
#1989=DIRECTION('center_axis',(-0.671927430845744,-0.740616991215458,0.));
#1990=DIRECTION('ref_axis',(0.740616991215458,-0.671927430845744,0.));
#1991=DIRECTION('',(0.740616991215458,-0.671927430845744,0.));
#1992=DIRECTION('',(0.740616991215458,-0.671927430845744,0.));
#1993=DIRECTION('',(0.,0.,1.));
#1994=DIRECTION('center_axis',(-0.514495721746707,-0.857492945921035,0.));
#1995=DIRECTION('ref_axis',(0.857492945921035,-0.514495721746707,0.));
#1996=DIRECTION('',(0.857492945921035,-0.514495721746707,0.));
#1997=DIRECTION('',(0.857492945921035,-0.514495721746707,0.));
#1998=DIRECTION('',(0.,0.,1.));
#1999=DIRECTION('center_axis',(-0.999908705241626,-0.0135122604332325,0.));
#2000=DIRECTION('ref_axis',(0.0135122604332325,-0.999908705241626,0.));
#2001=DIRECTION('',(0.0135122604332325,-0.999908705241626,0.));
#2002=DIRECTION('',(0.0135122604332325,-0.999908705241626,0.));
#2003=DIRECTION('',(0.,0.,1.));
#2004=DIRECTION('center_axis',(-0.787504983642182,0.616308283847238,0.));
#2005=DIRECTION('ref_axis',(-0.616308283847238,-0.787504983642182,0.));
#2006=DIRECTION('',(-0.616308283847238,-0.787504983642182,0.));
#2007=DIRECTION('',(-0.616308283847238,-0.787504983642182,0.));
#2008=DIRECTION('',(0.,0.,1.));
#2009=DIRECTION('center_axis',(0.,1.,0.));
#2010=DIRECTION('ref_axis',(-1.,0.,0.));
#2011=DIRECTION('',(-1.,0.,0.));
#2012=DIRECTION('',(-1.,0.,0.));
#2013=DIRECTION('',(0.,0.,1.));
#2014=DIRECTION('center_axis',(-0.195090852694524,0.980785174844585,0.));
#2015=DIRECTION('ref_axis',(-0.980785174844585,-0.195090852694524,0.));
#2016=DIRECTION('',(-0.980785174844585,-0.195090852694524,0.));
#2017=DIRECTION('',(-0.980785174844585,-0.195090852694524,0.));
#2018=DIRECTION('',(0.,0.,1.));
#2019=DIRECTION('center_axis',(-0.70710678118678,0.707106781186315,0.));
#2020=DIRECTION('ref_axis',(-0.707106781186315,-0.70710678118678,0.));
#2021=DIRECTION('',(-0.707106781186315,-0.70710678118678,0.));
#2022=DIRECTION('',(-0.707106781186315,-0.70710678118678,0.));
#2023=DIRECTION('',(0.,0.,1.));
#2024=DIRECTION('center_axis',(-0.980785174844585,0.195090852694524,0.));
#2025=DIRECTION('ref_axis',(-0.195090852694524,-0.980785174844585,0.));
#2026=DIRECTION('',(-0.195090852694524,-0.980785174844585,0.));
#2027=DIRECTION('',(-0.195090852694524,-0.980785174844585,0.));
#2028=DIRECTION('',(0.,0.,1.));
#2029=DIRECTION('center_axis',(-1.,0.,0.));
#2030=DIRECTION('ref_axis',(0.,-1.,0.));
#2031=DIRECTION('',(0.,-1.,0.));
#2032=DIRECTION('',(0.,-1.,0.));
#2033=DIRECTION('',(0.,0.,1.));
#2034=DIRECTION('center_axis',(-0.980785174844585,-0.195090852694524,0.));
#2035=DIRECTION('ref_axis',(0.195090852694524,-0.980785174844585,0.));
#2036=DIRECTION('',(0.195090852694524,-0.980785174844585,0.));
#2037=DIRECTION('',(0.195090852694524,-0.980785174844585,0.));
#2038=DIRECTION('',(0.,0.,1.));
#2039=DIRECTION('center_axis',(-0.707106781186548,-0.707106781186548,0.));
#2040=DIRECTION('ref_axis',(0.707106781186548,-0.707106781186548,0.));
#2041=DIRECTION('',(0.707106781186548,-0.707106781186548,0.));
#2042=DIRECTION('',(0.707106781186548,-0.707106781186548,0.));
#2043=DIRECTION('',(0.,0.,1.));
#2044=DIRECTION('center_axis',(-0.195090852694524,-0.980785174844585,0.));
#2045=DIRECTION('ref_axis',(0.980785174844585,-0.195090852694524,0.));
#2046=DIRECTION('',(0.980785174844585,-0.195090852694524,0.));
#2047=DIRECTION('',(0.980785174844585,-0.195090852694524,0.));
#2048=DIRECTION('',(0.,0.,1.));
#2049=DIRECTION('center_axis',(0.,-1.,0.));
#2050=DIRECTION('ref_axis',(1.,0.,0.));
#2051=DIRECTION('',(1.,0.,0.));
#2052=DIRECTION('',(1.,0.,0.));
#2053=DIRECTION('',(0.,0.,1.));
#2054=DIRECTION('center_axis',(-1.,0.,0.));
#2055=DIRECTION('ref_axis',(0.,-1.,0.));
#2056=DIRECTION('',(0.,-1.,0.));
#2057=DIRECTION('',(0.,-1.,0.));
#2058=DIRECTION('',(0.,0.,1.));
#2059=DIRECTION('center_axis',(0.,1.,0.));
#2060=DIRECTION('ref_axis',(-1.,0.,0.));
#2061=DIRECTION('',(-1.,0.,0.));
#2062=DIRECTION('',(-1.,0.,0.));
#2063=DIRECTION('center_axis',(0.,0.,1.));
#2064=DIRECTION('ref_axis',(1.,0.,0.));
#2065=DIRECTION('center_axis',(0.,0.,1.));
#2066=DIRECTION('ref_axis',(1.,0.,0.));
#2067=DIRECTION('center_axis',(0.,-1.,0.));
#2068=DIRECTION('ref_axis',(0.,0.,-1.));
#2069=DIRECTION('',(1.,0.,0.));
#2070=DIRECTION('',(0.,0.,1.));
#2071=DIRECTION('',(-1.,0.,0.));
#2072=DIRECTION('',(0.,0.,-1.));
#2073=DIRECTION('center_axis',(0.,-1.,0.));
#2074=DIRECTION('ref_axis',(0.,0.,-1.));
#2075=DIRECTION('',(0.,0.,-1.));
#2076=DIRECTION('',(1.,0.,0.));
#2077=DIRECTION('',(0.,0.,1.));
#2078=DIRECTION('',(-1.,0.,0.));
#2079=DIRECTION('center_axis',(-0.999913747361415,-0.0131338432171353,0.));
#2080=DIRECTION('ref_axis',(0.0131338432171353,-0.999913747361415,0.));
#2081=DIRECTION('',(0.0131338432171353,-0.999913747361415,0.));
#2082=DIRECTION('',(0.,0.,1.));
#2083=DIRECTION('',(0.0131338432171353,-0.999913747361415,0.));
#2084=DIRECTION('center_axis',(-0.999908705241626,-0.0135122604332324,0.));
#2085=DIRECTION('ref_axis',(0.0135122604332324,-0.999908705241626,0.));
#2086=DIRECTION('',(0.0135122604332324,-0.999908705241626,0.));
#2087=DIRECTION('',(0.,0.,1.));
#2088=DIRECTION('',(0.0135122604332324,-0.999908705241626,0.));
#2089=DIRECTION('center_axis',(0.,0.,1.));
#2090=DIRECTION('ref_axis',(1.,0.,0.));
#2091=DIRECTION('',(-0.0131338432171356,0.999913747361415,0.));
#2092=DIRECTION('',(0.178885438488994,0.98386991004736,0.));
#2093=DIRECTION('',(-0.192641795700238,0.981269146844732,0.));
#2094=DIRECTION('',(0.,1.,0.));
#2095=DIRECTION('',(-0.691222715968548,0.722641790190039,0.));
#2096=DIRECTION('',(-1.,0.,0.));
#2097=DIRECTION('',(0.,1.,0.));
#2098=DIRECTION('',(-1.,0.,0.));
#2099=DIRECTION('',(0.,-1.,0.));
#2100=DIRECTION('',(-0.616308283847238,-0.787504983642182,0.));
#2101=DIRECTION('',(-0.0135122604332325,0.999908705241626,0.));
#2102=DIRECTION('',(0.616308283847238,0.787504983642182,0.));
#2103=DIRECTION('',(1.,0.,0.));
#2104=DIRECTION('',(0.980785174844585,0.195090852694524,0.));
#2105=DIRECTION('',(0.707106781186315,0.70710678118678,0.));
#2106=DIRECTION('',(0.195090852694524,0.980785174844585,0.));
#2107=DIRECTION('',(0.,1.,0.));
#2108=DIRECTION('',(-0.195090852694524,0.980785174844585,0.));
#2109=DIRECTION('',(-0.707106781186548,0.707106781186548,0.));
#2110=DIRECTION('',(-0.980785174844585,0.195090852694524,0.));
#2111=DIRECTION('',(-1.,0.,0.));
#2112=DIRECTION('',(0.,1.,0.));
#2113=DIRECTION('',(1.,0.,0.));
#2114=DIRECTION('',(0.,-1.,0.));
#2115=DIRECTION('',(-1.,0.,0.));
#2116=DIRECTION('',(-0.980785174844585,-0.195090852694524,0.));
#2117=DIRECTION('',(-0.707106781186548,-0.707106781186548,0.));
#2118=DIRECTION('',(-0.195090852694524,-0.980785174844585,0.));
#2119=DIRECTION('',(0.,-1.,0.));
#2120=DIRECTION('',(0.195090852694524,-0.980785174844585,0.));
#2121=DIRECTION('',(0.707106781186315,-0.70710678118678,0.));
#2122=DIRECTION('',(0.980785174844585,-0.195090852694524,0.));
#2123=DIRECTION('',(1.,0.,0.));
#2124=DIRECTION('',(0.691222715968548,-0.722641790190039,0.));
#2125=DIRECTION('',(0.,-1.,0.));
#2126=DIRECTION('',(0.192641795700235,-0.981269146844732,0.));
#2127=DIRECTION('',(-0.178885438488937,-0.98386991004737,0.));
#2128=DIRECTION('center_axis',(0.999913747361415,0.0131338432171356,0.));
#2129=DIRECTION('ref_axis',(-0.0131338432171356,0.999913747361415,0.));
#2130=DIRECTION('',(-0.0131338432171356,0.999913747361415,0.));
#2131=DIRECTION('',(0.,0.,1.));
#2132=DIRECTION('center_axis',(0.,0.,1.));
#2133=DIRECTION('ref_axis',(-1.,0.,0.));
#2134=DIRECTION('',(-0.178885438488937,-0.98386991004737,0.));
#2135=DIRECTION('',(0.192641795700235,-0.981269146844732,0.));
#2136=DIRECTION('',(0.,-1.,0.));
#2137=DIRECTION('',(0.691222715968548,-0.722641790190039,0.));
#2138=DIRECTION('',(1.,0.,0.));
#2139=DIRECTION('',(0.980785174844585,-0.195090852694524,0.));
#2140=DIRECTION('',(0.707106781186315,-0.70710678118678,0.));
#2141=DIRECTION('',(0.195090852694524,-0.980785174844585,0.));
#2142=DIRECTION('',(0.,-1.,0.));
#2143=DIRECTION('',(-0.195090852694524,-0.980785174844585,0.));
#2144=DIRECTION('',(-0.707106781186548,-0.707106781186548,0.));
#2145=DIRECTION('',(-0.980785174844585,-0.195090852694524,0.));
#2146=DIRECTION('',(-1.,0.,0.));
#2147=DIRECTION('',(0.,-1.,0.));
#2148=DIRECTION('',(1.,0.,0.));
#2149=DIRECTION('',(0.,1.,0.));
#2150=DIRECTION('',(-1.,0.,0.));
#2151=DIRECTION('',(-0.980785174844585,0.195090852694524,0.));
#2152=DIRECTION('',(-0.707106781186548,0.707106781186548,0.));
#2153=DIRECTION('',(-0.195090852694524,0.980785174844585,0.));
#2154=DIRECTION('',(0.,1.,0.));
#2155=DIRECTION('',(0.195090852694524,0.980785174844585,0.));
#2156=DIRECTION('',(0.707106781186315,0.70710678118678,0.));
#2157=DIRECTION('',(0.980785174844585,0.195090852694524,0.));
#2158=DIRECTION('',(1.,0.,0.));
#2159=DIRECTION('',(0.616308283847238,0.787504983642182,0.));
#2160=DIRECTION('',(-0.0135122604332325,0.999908705241626,0.));
#2161=DIRECTION('',(-0.616308283847238,-0.787504983642182,0.));
#2162=DIRECTION('',(0.,-1.,0.));
#2163=DIRECTION('',(-1.,0.,0.));
#2164=DIRECTION('',(0.,1.,0.));
#2165=DIRECTION('',(-1.,0.,0.));
#2166=DIRECTION('',(-0.691222715968548,0.722641790190039,0.));
#2167=DIRECTION('',(0.,1.,0.));
#2168=DIRECTION('',(-0.192641795700238,0.981269146844732,0.));
#2169=DIRECTION('',(0.178885438488994,0.98386991004736,0.));
#2170=DIRECTION('center_axis',(0.98386991004736,-0.178885438488994,0.));
#2171=DIRECTION('ref_axis',(0.178885438488994,0.98386991004736,0.));
#2172=DIRECTION('',(0.,0.,1.));
#2173=DIRECTION('center_axis',(0.981269146844732,0.192641795700238,0.));
#2174=DIRECTION('ref_axis',(-0.192641795700238,0.981269146844732,0.));
#2175=DIRECTION('',(0.,0.,1.));
#2176=DIRECTION('center_axis',(1.,0.,0.));
#2177=DIRECTION('ref_axis',(0.,1.,0.));
#2178=DIRECTION('',(0.,0.,1.));
#2179=DIRECTION('center_axis',(0.722641790190039,0.691222715968548,0.));
#2180=DIRECTION('ref_axis',(-0.691222715968548,0.722641790190039,0.));
#2181=DIRECTION('',(0.,0.,1.));
#2182=DIRECTION('center_axis',(0.,1.,0.));
#2183=DIRECTION('ref_axis',(-1.,0.,0.));
#2184=DIRECTION('',(0.,0.,1.));
#2185=DIRECTION('center_axis',(1.,0.,0.));
#2186=DIRECTION('ref_axis',(0.,1.,0.));
#2187=DIRECTION('',(0.,0.,1.));
#2188=DIRECTION('center_axis',(0.,1.,0.));
#2189=DIRECTION('ref_axis',(-1.,0.,0.));
#2190=DIRECTION('',(0.,0.,1.));
#2191=DIRECTION('center_axis',(-1.,0.,0.));
#2192=DIRECTION('ref_axis',(0.,-1.,0.));
#2193=DIRECTION('',(0.,0.,1.));
#2194=DIRECTION('center_axis',(-0.787504983642182,0.616308283847238,0.));
#2195=DIRECTION('ref_axis',(-0.616308283847238,-0.787504983642182,0.));
#2196=DIRECTION('center_axis',(-1.,0.,0.));
#2197=DIRECTION('ref_axis',(0.,-1.,0.));
#2198=DIRECTION('',(0.,0.,1.));
#2199=DIRECTION('',(0.,0.,1.));
#2200=DIRECTION('center_axis',(0.,1.,0.));
#2201=DIRECTION('ref_axis',(-1.,0.,0.));
#2202=DIRECTION('',(0.,0.,1.));
#2203=DIRECTION('center_axis',(-0.195090852694524,0.980785174844585,0.));
#2204=DIRECTION('ref_axis',(-0.980785174844585,-0.195090852694524,0.));
#2205=DIRECTION('',(0.,0.,1.));
#2206=DIRECTION('center_axis',(-0.707106781186548,0.707106781186548,0.));
#2207=DIRECTION('ref_axis',(-0.707106781186548,-0.707106781186548,0.));
#2208=DIRECTION('',(0.,0.,1.));
#2209=DIRECTION('center_axis',(-0.980785174844585,0.195090852694524,0.));
#2210=DIRECTION('ref_axis',(-0.195090852694524,-0.980785174844585,0.));
#2211=DIRECTION('',(0.,0.,1.));
#2212=DIRECTION('center_axis',(-1.,0.,0.));
#2213=DIRECTION('ref_axis',(0.,-1.,0.));
#2214=DIRECTION('',(0.,0.,1.));
#2215=DIRECTION('center_axis',(-0.980785174844585,-0.195090852694524,0.));
#2216=DIRECTION('ref_axis',(0.195090852694524,-0.980785174844585,0.));
#2217=DIRECTION('',(0.,0.,1.));
#2218=DIRECTION('center_axis',(-0.70710678118678,-0.707106781186315,0.));
#2219=DIRECTION('ref_axis',(0.707106781186315,-0.70710678118678,0.));
#2220=DIRECTION('',(0.,0.,1.));
#2221=DIRECTION('center_axis',(-0.195090852694524,-0.980785174844585,0.));
#2222=DIRECTION('ref_axis',(0.980785174844585,-0.195090852694524,0.));
#2223=DIRECTION('',(0.,0.,1.));
#2224=DIRECTION('center_axis',(0.,-1.,0.));
#2225=DIRECTION('ref_axis',(1.,0.,0.));
#2226=DIRECTION('',(0.,0.,1.));
#2227=DIRECTION('center_axis',(-0.722641790190039,-0.691222715968548,0.));
#2228=DIRECTION('ref_axis',(0.691222715968548,-0.722641790190039,0.));
#2229=DIRECTION('',(0.,0.,1.));
#2230=DIRECTION('center_axis',(-1.,0.,0.));
#2231=DIRECTION('ref_axis',(0.,-1.,0.));
#2232=DIRECTION('',(0.,0.,1.));
#2233=DIRECTION('center_axis',(-0.981269146844732,-0.192641795700235,0.));
#2234=DIRECTION('ref_axis',(0.192641795700235,-0.981269146844732,0.));
#2235=DIRECTION('',(0.,0.,1.));
#2236=DIRECTION('center_axis',(-0.98386991004737,0.178885438488937,0.));
#2237=DIRECTION('ref_axis',(-0.178885438488937,-0.98386991004737,0.));
#2238=DIRECTION('center_axis',(0.999908705241626,0.0135122604332325,0.));
#2239=DIRECTION('ref_axis',(-0.0135122604332325,0.999908705241626,0.));
#2240=DIRECTION('',(0.,0.,1.));
#2241=DIRECTION('center_axis',(0.787504983642182,-0.616308283847238,0.));
#2242=DIRECTION('ref_axis',(0.616308283847238,0.787504983642182,0.));
#2243=DIRECTION('',(0.,0.,1.));
#2244=DIRECTION('center_axis',(0.,-1.,0.));
#2245=DIRECTION('ref_axis',(1.,0.,0.));
#2246=DIRECTION('',(0.,0.,1.));
#2247=DIRECTION('center_axis',(0.195090852694524,-0.980785174844585,0.));
#2248=DIRECTION('ref_axis',(0.980785174844585,0.195090852694524,0.));
#2249=DIRECTION('',(0.,0.,1.));
#2250=DIRECTION('center_axis',(0.70710678118678,-0.707106781186315,0.));
#2251=DIRECTION('ref_axis',(0.707106781186315,0.70710678118678,0.));
#2252=DIRECTION('',(0.,0.,1.));
#2253=DIRECTION('center_axis',(0.980785174844585,-0.195090852694524,0.));
#2254=DIRECTION('ref_axis',(0.195090852694524,0.980785174844585,0.));
#2255=DIRECTION('',(0.,0.,1.));
#2256=DIRECTION('center_axis',(1.,0.,0.));
#2257=DIRECTION('ref_axis',(0.,1.,0.));
#2258=DIRECTION('',(0.,0.,1.));
#2259=DIRECTION('center_axis',(0.980785174844585,0.195090852694524,0.));
#2260=DIRECTION('ref_axis',(-0.195090852694524,0.980785174844585,0.));
#2261=DIRECTION('',(0.,0.,1.));
#2262=DIRECTION('center_axis',(0.707106781186548,0.707106781186548,0.));
#2263=DIRECTION('ref_axis',(-0.707106781186548,0.707106781186548,0.));
#2264=DIRECTION('',(0.,0.,1.));
#2265=DIRECTION('center_axis',(0.195090852694524,0.980785174844585,0.));
#2266=DIRECTION('ref_axis',(-0.980785174844585,0.195090852694524,0.));
#2267=DIRECTION('',(0.,0.,1.));
#2268=DIRECTION('center_axis',(0.,1.,0.));
#2269=DIRECTION('ref_axis',(-1.,0.,0.));
#2270=DIRECTION('',(0.,0.,1.));
#2271=DIRECTION('center_axis',(1.,0.,0.));
#2272=DIRECTION('ref_axis',(0.,1.,0.));
#2273=DIRECTION('',(0.,0.,1.));
#2274=DIRECTION('center_axis',(0.,-1.,0.));
#2275=DIRECTION('ref_axis',(1.,0.,0.));
#2276=CARTESIAN_POINT('',(0.,0.,0.));
#2277=CARTESIAN_POINT('Origin',(140.975,-49.475,0.));
#2278=CARTESIAN_POINT('',(140.975,-49.475,0.));
#2279=CARTESIAN_POINT('',(140.975,-48.525,0.));
#2280=CARTESIAN_POINT('',(140.975,-49.475,0.));
#2281=CARTESIAN_POINT('',(140.975,-48.525,0.4));
#2282=CARTESIAN_POINT('',(140.975,-48.525,0.));
#2283=CARTESIAN_POINT('',(140.975,-49.475,0.4));
#2284=CARTESIAN_POINT('',(140.975,-49.475,0.4));
#2285=CARTESIAN_POINT('',(140.975,-49.475,0.));
#2286=CARTESIAN_POINT('Origin',(140.,-49.475,0.));
#2287=CARTESIAN_POINT('',(140.,-49.475,0.));
#2288=CARTESIAN_POINT('',(140.,-49.475,0.));
#2289=CARTESIAN_POINT('',(140.,-49.475,0.4));
#2290=CARTESIAN_POINT('',(140.,-49.475,0.4));
#2291=CARTESIAN_POINT('',(140.,-49.475,0.));
#2292=CARTESIAN_POINT('Origin',(139.990433,-49.476903,0.));
#2293=CARTESIAN_POINT('',(139.990433,-49.476903,0.));
#2294=CARTESIAN_POINT('',(139.990433,-49.476903,0.));
#2295=CARTESIAN_POINT('',(139.990433,-49.476903,0.4));
#2296=CARTESIAN_POINT('',(139.990433,-49.476903,0.4));
#2297=CARTESIAN_POINT('',(139.990433,-49.476903,0.));
#2298=CARTESIAN_POINT('Origin',(139.976903,-49.490433,0.));
#2299=CARTESIAN_POINT('',(139.976903,-49.490433,0.));
#2300=CARTESIAN_POINT('',(139.976903,-49.490433,0.));
#2301=CARTESIAN_POINT('',(139.976903,-49.490433,0.4));
#2302=CARTESIAN_POINT('',(139.976903,-49.490433,0.4));
#2303=CARTESIAN_POINT('',(139.976903,-49.490433,0.));
#2304=CARTESIAN_POINT('Origin',(139.975,-49.5,0.));
#2305=CARTESIAN_POINT('',(139.975,-49.5,0.));
#2306=CARTESIAN_POINT('',(139.975,-49.5,0.));
#2307=CARTESIAN_POINT('',(139.975,-49.5,0.4));
#2308=CARTESIAN_POINT('',(139.975,-49.5,0.4));
#2309=CARTESIAN_POINT('',(139.975,-49.5,0.));
#2310=CARTESIAN_POINT('Origin',(139.975,-52.,0.));
#2311=CARTESIAN_POINT('',(139.975,-52.,0.));
#2312=CARTESIAN_POINT('',(139.975,-52.,0.));
#2313=CARTESIAN_POINT('',(139.975,-52.,0.4));
#2314=CARTESIAN_POINT('',(139.975,-52.,0.4));
#2315=CARTESIAN_POINT('',(139.975,-52.,0.));
#2316=CARTESIAN_POINT('Origin',(139.976903,-52.009567,0.));
#2317=CARTESIAN_POINT('',(139.976903,-52.009567,0.));
#2318=CARTESIAN_POINT('',(139.976903,-52.009567,0.));
#2319=CARTESIAN_POINT('',(139.976903,-52.009567,0.4));
#2320=CARTESIAN_POINT('',(139.976903,-52.009567,0.4));
#2321=CARTESIAN_POINT('',(139.976903,-52.009567,0.));
#2322=CARTESIAN_POINT('Origin',(139.990433,-52.023097,0.));
#2323=CARTESIAN_POINT('',(139.990433,-52.023097,0.));
#2324=CARTESIAN_POINT('',(139.990433,-52.023097,0.));
#2325=CARTESIAN_POINT('',(139.990433,-52.023097,0.4));
#2326=CARTESIAN_POINT('',(139.990433,-52.023097,0.4));
#2327=CARTESIAN_POINT('',(139.990433,-52.023097,0.));
#2328=CARTESIAN_POINT('Origin',(140.,-52.025,0.));
#2329=CARTESIAN_POINT('',(140.,-52.025,0.));
#2330=CARTESIAN_POINT('',(140.,-52.025,0.));
#2331=CARTESIAN_POINT('',(140.,-52.025,0.4));
#2332=CARTESIAN_POINT('',(140.,-52.025,0.4));
#2333=CARTESIAN_POINT('',(140.,-52.025,0.));
#2334=CARTESIAN_POINT('Origin',(142.989317,-52.025,0.));
#2335=CARTESIAN_POINT('',(142.989317,-52.025,0.));
#2336=CARTESIAN_POINT('',(142.989317,-52.025,0.));
#2337=CARTESIAN_POINT('',(142.989317,-52.025,0.4));
#2338=CARTESIAN_POINT('',(142.989317,-52.025,0.4));
#2339=CARTESIAN_POINT('',(142.989317,-52.025,0.));
#2340=CARTESIAN_POINT('Origin',(153.975,-63.51003,0.));
#2341=CARTESIAN_POINT('',(153.975,-63.51003,0.));
#2342=CARTESIAN_POINT('',(153.975,-63.51003,0.));
#2343=CARTESIAN_POINT('',(153.975,-63.51003,0.4));
#2344=CARTESIAN_POINT('',(153.975,-63.51003,0.4));
#2345=CARTESIAN_POINT('',(153.975,-63.51003,0.));
#2346=CARTESIAN_POINT('Origin',(153.975,-64.,0.));
#2347=CARTESIAN_POINT('',(153.975,-64.,0.));
#2348=CARTESIAN_POINT('',(153.975,-64.,0.));
#2349=CARTESIAN_POINT('',(153.975,-64.,0.4));
#2350=CARTESIAN_POINT('',(153.975,-64.,0.4));
#2351=CARTESIAN_POINT('',(153.975,-64.,0.));
#2352=CARTESIAN_POINT('Origin',(153.975032,-64.000163,0.));
#2353=CARTESIAN_POINT('',(153.975032,-64.000163,0.));
#2354=CARTESIAN_POINT('',(153.975032,-64.000163,0.));
#2355=CARTESIAN_POINT('',(153.975032,-64.000163,0.4));
#2356=CARTESIAN_POINT('',(153.975032,-64.000163,0.4));
#2357=CARTESIAN_POINT('',(153.975032,-64.000163,0.));
#2358=CARTESIAN_POINT('Origin',(153.975002,-64.000328,0.));
#2359=CARTESIAN_POINT('',(153.975002,-64.000328,0.));
#2360=CARTESIAN_POINT('',(153.975002,-64.000328,0.));
#2361=CARTESIAN_POINT('',(153.975002,-64.000328,0.4));
#2362=CARTESIAN_POINT('',(153.975002,-64.000328,0.4));
#2363=CARTESIAN_POINT('',(153.975002,-64.000328,0.));
#2364=CARTESIAN_POINT('Origin',(154.441125,-99.487488,0.));
#2365=CARTESIAN_POINT('',(154.441125,-99.487488,0.));
#2366=CARTESIAN_POINT('',(154.441125,-99.487488,0.));
#2367=CARTESIAN_POINT('',(154.441125,-99.487488,0.4));
#2368=CARTESIAN_POINT('',(154.441125,-99.487488,0.4));
#2369=CARTESIAN_POINT('',(154.441125,-99.487488,0.));
#2370=CARTESIAN_POINT('Origin',(146.985173,-104.979872,0.));
#2371=CARTESIAN_POINT('',(146.985173,-104.979872,0.));
#2372=CARTESIAN_POINT('',(146.985173,-104.979872,0.));
#2373=CARTESIAN_POINT('',(146.985173,-104.979872,0.4));
#2374=CARTESIAN_POINT('',(146.985173,-104.979872,0.4));
#2375=CARTESIAN_POINT('',(146.985173,-104.979872,0.));
#2376=CARTESIAN_POINT('Origin',(146.978599,-104.987078,0.));
#2377=CARTESIAN_POINT('',(146.978599,-104.987078,0.));
#2378=CARTESIAN_POINT('',(146.978599,-104.987078,0.));
#2379=CARTESIAN_POINT('',(146.978599,-104.987078,0.4));
#2380=CARTESIAN_POINT('',(146.978599,-104.987078,0.4));
#2381=CARTESIAN_POINT('',(146.978599,-104.987078,0.));
#2382=CARTESIAN_POINT('Origin',(146.978302,-104.989033,0.));
#2383=CARTESIAN_POINT('',(146.978302,-104.989033,0.));
#2384=CARTESIAN_POINT('',(146.978302,-104.989033,0.));
#2385=CARTESIAN_POINT('',(146.978302,-104.989033,0.4));
#2386=CARTESIAN_POINT('',(146.978302,-104.989033,0.4));
#2387=CARTESIAN_POINT('',(146.978302,-104.989033,0.));
#2388=CARTESIAN_POINT('Origin',(146.976903,-104.990433,0.));
#2389=CARTESIAN_POINT('',(146.976903,-104.990433,0.));
#2390=CARTESIAN_POINT('',(146.976903,-104.990433,0.));
#2391=CARTESIAN_POINT('',(146.976903,-104.990433,0.4));
#2392=CARTESIAN_POINT('',(146.976903,-104.990433,0.4));
#2393=CARTESIAN_POINT('',(146.976903,-104.990433,0.));
#2394=CARTESIAN_POINT('Origin',(146.975,-105.,0.));
#2395=CARTESIAN_POINT('',(146.975,-105.,0.));
#2396=CARTESIAN_POINT('',(146.975,-105.,0.));
#2397=CARTESIAN_POINT('',(146.975,-105.,0.4));
#2398=CARTESIAN_POINT('',(146.975,-105.,0.4));
#2399=CARTESIAN_POINT('',(146.975,-105.,0.));
#2400=CARTESIAN_POINT('Origin',(146.975,-116.975,0.));
#2401=CARTESIAN_POINT('',(146.975,-116.975,0.));
#2402=CARTESIAN_POINT('',(146.975,-116.975,0.));
#2403=CARTESIAN_POINT('',(146.975,-116.975,0.4));
#2404=CARTESIAN_POINT('',(146.975,-116.975,0.4));
#2405=CARTESIAN_POINT('',(146.975,-116.975,0.));
#2406=CARTESIAN_POINT('Origin',(135.025,-116.975,0.));
#2407=CARTESIAN_POINT('',(135.025,-116.975,0.));
#2408=CARTESIAN_POINT('',(135.025,-116.975,0.));
#2409=CARTESIAN_POINT('',(135.025,-116.975,0.4));
#2410=CARTESIAN_POINT('',(135.025,-116.975,0.4));
#2411=CARTESIAN_POINT('',(135.025,-116.975,0.));
#2412=CARTESIAN_POINT('Origin',(135.025,-105.,0.));
#2413=CARTESIAN_POINT('',(135.025,-105.,0.));
#2414=CARTESIAN_POINT('',(135.025,-105.,0.));
#2415=CARTESIAN_POINT('',(135.025,-105.,0.4));
#2416=CARTESIAN_POINT('',(135.025,-105.,0.4));
#2417=CARTESIAN_POINT('',(135.025,-105.,0.));
#2418=CARTESIAN_POINT('Origin',(135.023097,-104.990433,0.));
#2419=CARTESIAN_POINT('',(135.023097,-104.990433,0.));
#2420=CARTESIAN_POINT('',(135.023097,-104.990433,0.));
#2421=CARTESIAN_POINT('',(135.023097,-104.990433,0.4));
#2422=CARTESIAN_POINT('',(135.023097,-104.990433,0.4));
#2423=CARTESIAN_POINT('',(135.023097,-104.990433,0.));
#2424=CARTESIAN_POINT('Origin',(135.020855,-104.988191,0.));
#2425=CARTESIAN_POINT('',(135.020855,-104.988191,0.));
#2426=CARTESIAN_POINT('',(135.020855,-104.988191,0.));
#2427=CARTESIAN_POINT('',(135.020855,-104.988191,0.4));
#2428=CARTESIAN_POINT('',(135.020855,-104.988191,0.4));
#2429=CARTESIAN_POINT('',(135.020855,-104.988191,0.));
#2430=CARTESIAN_POINT('Origin',(135.020087,-104.985117,0.));
#2431=CARTESIAN_POINT('',(135.020087,-104.985117,0.));
#2432=CARTESIAN_POINT('',(135.020087,-104.985117,0.));
#2433=CARTESIAN_POINT('',(135.020087,-104.985117,0.4));
#2434=CARTESIAN_POINT('',(135.020087,-104.985117,0.4));
#2435=CARTESIAN_POINT('',(135.020087,-104.985117,0.));
#2436=CARTESIAN_POINT('Origin',(135.012863,-104.978563,0.));
#2437=CARTESIAN_POINT('',(135.012863,-104.978563,0.));
#2438=CARTESIAN_POINT('',(135.012863,-104.978563,0.));
#2439=CARTESIAN_POINT('',(135.012863,-104.978563,0.4));
#2440=CARTESIAN_POINT('',(135.012863,-104.978563,0.4));
#2441=CARTESIAN_POINT('',(135.012863,-104.978563,0.));
#2442=CARTESIAN_POINT('Origin',(127.524809,-100.485731,0.));
#2443=CARTESIAN_POINT('',(127.524809,-100.485731,0.));
#2444=CARTESIAN_POINT('',(127.524809,-100.485731,0.));
#2445=CARTESIAN_POINT('',(127.524809,-100.485731,0.4));
#2446=CARTESIAN_POINT('',(127.524809,-100.485731,0.4));
#2447=CARTESIAN_POINT('',(127.524809,-100.485731,0.));
#2448=CARTESIAN_POINT('Origin',(127.025117,-63.50847,0.));
#2449=CARTESIAN_POINT('',(127.025117,-63.50847,0.));
#2450=CARTESIAN_POINT('',(127.025117,-63.50847,0.));
#2451=CARTESIAN_POINT('',(127.025117,-63.50847,0.4));
#2452=CARTESIAN_POINT('',(127.025117,-63.50847,0.4));
#2453=CARTESIAN_POINT('',(127.025117,-63.50847,0.));
#2454=CARTESIAN_POINT('Origin',(136.012181,-52.025,0.));
#2455=CARTESIAN_POINT('',(136.012181,-52.025,0.));
#2456=CARTESIAN_POINT('',(136.012181,-52.025,0.));
#2457=CARTESIAN_POINT('',(136.012181,-52.025,0.4));
#2458=CARTESIAN_POINT('',(136.012181,-52.025,0.4));
#2459=CARTESIAN_POINT('',(136.012181,-52.025,0.));
#2460=CARTESIAN_POINT('Origin',(138.5,-52.025,0.));
#2461=CARTESIAN_POINT('',(138.5,-52.025,0.));
#2462=CARTESIAN_POINT('',(138.5,-52.025,0.));
#2463=CARTESIAN_POINT('',(138.5,-52.025,0.4));
#2464=CARTESIAN_POINT('',(138.5,-52.025,0.4));
#2465=CARTESIAN_POINT('',(138.5,-52.025,0.));
#2466=CARTESIAN_POINT('Origin',(138.509567,-52.023097,0.));
#2467=CARTESIAN_POINT('',(138.509567,-52.023097,0.));
#2468=CARTESIAN_POINT('',(138.509567,-52.023097,0.));
#2469=CARTESIAN_POINT('',(138.509567,-52.023097,0.4));
#2470=CARTESIAN_POINT('',(138.509567,-52.023097,0.4));
#2471=CARTESIAN_POINT('',(138.509567,-52.023097,0.));
#2472=CARTESIAN_POINT('Origin',(138.523097,-52.009567,0.));
#2473=CARTESIAN_POINT('',(138.523097,-52.009567,0.));
#2474=CARTESIAN_POINT('',(138.523097,-52.009567,0.));
#2475=CARTESIAN_POINT('',(138.523097,-52.009567,0.4));
#2476=CARTESIAN_POINT('',(138.523097,-52.009567,0.4));
#2477=CARTESIAN_POINT('',(138.523097,-52.009567,0.));
#2478=CARTESIAN_POINT('Origin',(138.525,-52.,0.));
#2479=CARTESIAN_POINT('',(138.525,-52.,0.));
#2480=CARTESIAN_POINT('',(138.525,-52.,0.));
#2481=CARTESIAN_POINT('',(138.525,-52.,0.4));
#2482=CARTESIAN_POINT('',(138.525,-52.,0.4));
#2483=CARTESIAN_POINT('',(138.525,-52.,0.));
#2484=CARTESIAN_POINT('Origin',(138.525,-49.5,0.));
#2485=CARTESIAN_POINT('',(138.525,-49.5,0.));
#2486=CARTESIAN_POINT('',(138.525,-49.5,0.));
#2487=CARTESIAN_POINT('',(138.525,-49.5,0.4));
#2488=CARTESIAN_POINT('',(138.525,-49.5,0.4));
#2489=CARTESIAN_POINT('',(138.525,-49.5,0.));
#2490=CARTESIAN_POINT('Origin',(138.523097,-49.490433,0.));
#2491=CARTESIAN_POINT('',(138.523097,-49.490433,0.));
#2492=CARTESIAN_POINT('',(138.523097,-49.490433,0.));
#2493=CARTESIAN_POINT('',(138.523097,-49.490433,0.4));
#2494=CARTESIAN_POINT('',(138.523097,-49.490433,0.4));
#2495=CARTESIAN_POINT('',(138.523097,-49.490433,0.));
#2496=CARTESIAN_POINT('Origin',(138.509567,-49.476903,0.));
#2497=CARTESIAN_POINT('',(138.509567,-49.476903,0.));
#2498=CARTESIAN_POINT('',(138.509567,-49.476903,0.));
#2499=CARTESIAN_POINT('',(138.509567,-49.476903,0.4));
#2500=CARTESIAN_POINT('',(138.509567,-49.476903,0.4));
#2501=CARTESIAN_POINT('',(138.509567,-49.476903,0.));
#2502=CARTESIAN_POINT('Origin',(138.5,-49.475,0.));
#2503=CARTESIAN_POINT('',(138.5,-49.475,0.));
#2504=CARTESIAN_POINT('',(138.5,-49.475,0.));
#2505=CARTESIAN_POINT('',(138.5,-49.475,0.4));
#2506=CARTESIAN_POINT('',(138.5,-49.475,0.4));
#2507=CARTESIAN_POINT('',(138.5,-49.475,0.));
#2508=CARTESIAN_POINT('Origin',(137.525,-49.475,0.));
#2509=CARTESIAN_POINT('',(137.525,-49.475,0.));
#2510=CARTESIAN_POINT('',(137.525,-49.475,0.));
#2511=CARTESIAN_POINT('',(137.525,-49.475,0.4));
#2512=CARTESIAN_POINT('',(137.525,-49.475,0.4));
#2513=CARTESIAN_POINT('',(137.525,-49.475,0.));
#2514=CARTESIAN_POINT('Origin',(137.525,-48.525,0.));
#2515=CARTESIAN_POINT('',(137.525,-48.525,0.));
#2516=CARTESIAN_POINT('',(137.525,-48.525,0.));
#2517=CARTESIAN_POINT('',(137.525,-48.525,0.4));
#2518=CARTESIAN_POINT('',(137.525,-48.525,0.4));
#2519=CARTESIAN_POINT('',(137.525,-48.525,0.));
#2520=CARTESIAN_POINT('Origin',(140.975,-48.525,0.));
#2521=CARTESIAN_POINT('',(140.975,-48.525,0.));
#2522=CARTESIAN_POINT('',(140.975,-48.525,0.4));
#2523=CARTESIAN_POINT('Origin',(140.733121,-82.75,0.4));
#2524=CARTESIAN_POINT('Origin',(140.733121,-82.75,0.));
#2525=CARTESIAN_POINT('Origin',(139.000001788139,-93.000001385808,12.5));
#2526=CARTESIAN_POINT('',(124.42337672741,-93.000001385808,5.4));
#2527=CARTESIAN_POINT('',(127.423650636692,-93.000001385808,5.4));
#2528=CARTESIAN_POINT('',(139.868053998747,-93.000001385808,5.4));
#2529=CARTESIAN_POINT('',(124.42337672741,-93.000001385808,0.4));
#2530=CARTESIAN_POINT('',(124.42337672741,-93.000001385808,6.45));
#2531=CARTESIAN_POINT('',(127.423650636692,-93.000001385808,0.4));
#2532=CARTESIAN_POINT('',(139.868053998747,-93.000001385808,0.4));
#2533=CARTESIAN_POINT('',(127.423650636692,-93.000001385808,6.45));
#2534=CARTESIAN_POINT('Origin',(139.000001788139,-93.000001385808,12.5));
#2535=CARTESIAN_POINT('',(157.356170798328,-93.000001385808,5.4));
#2536=CARTESIAN_POINT('',(157.356170798328,-93.000001385808,0.4));
#2537=CARTESIAN_POINT('',(157.356170798328,-93.000001385808,6.45));
#2538=CARTESIAN_POINT('',(154.355912018091,-93.000001385808,5.4));
#2539=CARTESIAN_POINT('',(139.868053998747,-93.000001385808,5.4));
#2540=CARTESIAN_POINT('',(154.355912018091,-93.000001385808,0.4));
#2541=CARTESIAN_POINT('',(154.355912018091,-93.000001385808,6.45));
#2542=CARTESIAN_POINT('',(139.868053998747,-93.000001385808,0.4));
#2543=CARTESIAN_POINT('Origin',(153.975002,-64.000328,0.4));
#2544=CARTESIAN_POINT('',(153.975002,-64.000328,5.4));
#2545=CARTESIAN_POINT('',(154.441125,-99.487488,5.4));
#2546=CARTESIAN_POINT('',(153.975002,-64.000328,0.4));
#2547=CARTESIAN_POINT('',(153.975002,-64.000328,0.4));
#2548=CARTESIAN_POINT('',(154.441125,-99.487488,0.4));
#2549=CARTESIAN_POINT('Origin',(124.011107174902,-62.4920107726824,0.4));
#2550=CARTESIAN_POINT('',(124.011107174902,-62.4920107726824,5.4));
#2551=CARTESIAN_POINT('',(124.011107174902,-62.4920107726824,5.4));
#2552=CARTESIAN_POINT('',(124.011107174902,-62.4920107726824,0.4));
#2553=CARTESIAN_POINT('',(124.011107174902,-62.4920107726824,0.4));
#2554=CARTESIAN_POINT('',(124.011107174902,-62.4920107726824,0.4));
#2555=CARTESIAN_POINT('Origin',(140.736106209355,-82.75,5.4));
#2556=CARTESIAN_POINT('',(156.978557092145,-64.2512848249292,5.4));
#2557=CARTESIAN_POINT('',(157.461105243808,-100.988934470576,5.4));
#2558=CARTESIAN_POINT('',(157.028101439009,-63.9787909176292,5.4));
#2559=CARTESIAN_POINT('',(156.978557092145,-64.2512848249292,5.4));
#2560=CARTESIAN_POINT('',(156.975,-63.7083054626773,5.4));
#2561=CARTESIAN_POINT('',(157.028101439009,-63.9787909176292,5.4));
#2562=CARTESIAN_POINT('',(156.975,-62.3062578868918,5.4));
#2563=CARTESIAN_POINT('',(156.975,-63.7083054626773,5.4));
#2564=CARTESIAN_POINT('',(144.271185644561,-49.025,5.4));
#2565=CARTESIAN_POINT('',(156.975,-62.3062578868918,5.4));
#2566=CARTESIAN_POINT('',(143.975,-49.025,5.4));
#2567=CARTESIAN_POINT('',(144.271185644561,-49.025,5.4));
#2568=CARTESIAN_POINT('',(143.975,-45.525,5.4));
#2569=CARTESIAN_POINT('',(143.975,-49.025,5.4));
#2570=CARTESIAN_POINT('',(134.525,-45.525,5.4));
#2571=CARTESIAN_POINT('',(143.975,-45.525,5.4));
#2572=CARTESIAN_POINT('',(134.525,-49.0575929427628,5.4));
#2573=CARTESIAN_POINT('',(134.525,-45.525,5.4));
#2574=CARTESIAN_POINT('',(134.525,-49.0575929427628,5.4));
#2575=CARTESIAN_POINT('',(127.025117,-63.50847,5.4));
#2576=CARTESIAN_POINT('',(127.025117,-63.50847,5.4));
#2577=CARTESIAN_POINT('',(136.012181,-52.025,5.4));
#2578=CARTESIAN_POINT('',(136.012181,-52.025,5.4));
#2579=CARTESIAN_POINT('',(138.5,-52.025,5.4));
#2580=CARTESIAN_POINT('',(138.5,-52.025,5.4));
#2581=CARTESIAN_POINT('',(138.509567,-52.023097,5.4));
#2582=CARTESIAN_POINT('',(138.509567,-52.023097,5.4));
#2583=CARTESIAN_POINT('',(138.523097,-52.009567,5.4));
#2584=CARTESIAN_POINT('',(138.523097,-52.009567,5.4));
#2585=CARTESIAN_POINT('',(138.525,-52.,5.4));
#2586=CARTESIAN_POINT('',(138.525,-52.,5.4));
#2587=CARTESIAN_POINT('',(138.525,-49.5,5.4));
#2588=CARTESIAN_POINT('',(138.525,-49.5,5.4));
#2589=CARTESIAN_POINT('',(138.523097,-49.490433,5.4));
#2590=CARTESIAN_POINT('',(138.523097,-49.490433,5.4));
#2591=CARTESIAN_POINT('',(138.509567,-49.476903,5.4));
#2592=CARTESIAN_POINT('',(138.509567,-49.476903,5.4));
#2593=CARTESIAN_POINT('',(138.5,-49.475,5.4));
#2594=CARTESIAN_POINT('',(138.5,-49.475,5.4));
#2595=CARTESIAN_POINT('',(137.525,-49.475,5.4));
#2596=CARTESIAN_POINT('',(137.525,-49.475,5.4));
#2597=CARTESIAN_POINT('',(137.525,-48.525,5.4));
#2598=CARTESIAN_POINT('',(137.525,-48.525,5.4));
#2599=CARTESIAN_POINT('',(140.975,-48.525,5.4));
#2600=CARTESIAN_POINT('',(140.975,-48.525,5.4));
#2601=CARTESIAN_POINT('',(140.975,-49.475,5.4));
#2602=CARTESIAN_POINT('',(140.975,-49.475,5.4));
#2603=CARTESIAN_POINT('',(140.,-49.475,5.4));
#2604=CARTESIAN_POINT('',(140.,-49.475,5.4));
#2605=CARTESIAN_POINT('',(139.990433,-49.476903,5.4));
#2606=CARTESIAN_POINT('',(139.990433,-49.476903,5.4));
#2607=CARTESIAN_POINT('',(139.976903,-49.490433,5.4));
#2608=CARTESIAN_POINT('',(139.976903,-49.490433,5.4));
#2609=CARTESIAN_POINT('',(139.975,-49.5,5.4));
#2610=CARTESIAN_POINT('',(139.975,-49.5,5.4));
#2611=CARTESIAN_POINT('',(139.975,-52.,5.4));
#2612=CARTESIAN_POINT('',(139.975,-52.,5.4));
#2613=CARTESIAN_POINT('',(139.976903,-52.009567,5.4));
#2614=CARTESIAN_POINT('',(139.976903,-52.009567,5.4));
#2615=CARTESIAN_POINT('',(139.990433,-52.023097,5.4));
#2616=CARTESIAN_POINT('',(139.990433,-52.023097,5.4));
#2617=CARTESIAN_POINT('',(140.,-52.025,5.4));
#2618=CARTESIAN_POINT('',(140.,-52.025,5.4));
#2619=CARTESIAN_POINT('',(142.989317,-52.025,5.4));
#2620=CARTESIAN_POINT('',(142.989317,-52.025,5.4));
#2621=CARTESIAN_POINT('',(153.975,-63.51003,5.4));
#2622=CARTESIAN_POINT('',(153.975,-63.51003,5.4));
#2623=CARTESIAN_POINT('',(153.975,-64.,5.4));
#2624=CARTESIAN_POINT('',(153.975,-64.,5.4));
#2625=CARTESIAN_POINT('',(153.975032,-64.000163,5.4));
#2626=CARTESIAN_POINT('',(153.975032,-64.000163,5.4));
#2627=CARTESIAN_POINT('',(153.975002,-64.000328,5.4));
#2628=CARTESIAN_POINT('Origin',(157.461105243808,-100.988934470576,0.4));
#2629=CARTESIAN_POINT('',(156.978557092145,-64.2512848249292,0.4));
#2630=CARTESIAN_POINT('',(157.461105243808,-100.988934470576,0.4));
#2631=CARTESIAN_POINT('',(156.978557092145,-64.2512848249292,0.4));
#2632=CARTESIAN_POINT('Origin',(140.736106209355,-82.75,0.4));
#2633=CARTESIAN_POINT('',(153.975032,-64.000163,0.4));
#2634=CARTESIAN_POINT('',(153.975002,-64.000328,0.4));
#2635=CARTESIAN_POINT('',(153.975,-64.,0.4));
#2636=CARTESIAN_POINT('',(153.975032,-64.000163,0.4));
#2637=CARTESIAN_POINT('',(153.975,-63.51003,0.4));
#2638=CARTESIAN_POINT('',(153.975,-64.,0.4));
#2639=CARTESIAN_POINT('',(142.989317,-52.025,0.4));
#2640=CARTESIAN_POINT('',(153.975,-63.51003,0.4));
#2641=CARTESIAN_POINT('',(140.,-52.025,0.4));
#2642=CARTESIAN_POINT('',(142.989317,-52.025,0.4));
#2643=CARTESIAN_POINT('',(139.990433,-52.023097,0.4));
#2644=CARTESIAN_POINT('',(140.,-52.025,0.4));
#2645=CARTESIAN_POINT('',(139.976903,-52.009567,0.4));
#2646=CARTESIAN_POINT('',(139.990433,-52.023097,0.4));
#2647=CARTESIAN_POINT('',(139.975,-52.,0.4));
#2648=CARTESIAN_POINT('',(139.976903,-52.009567,0.4));
#2649=CARTESIAN_POINT('',(139.975,-49.5,0.4));
#2650=CARTESIAN_POINT('',(139.975,-52.,0.4));
#2651=CARTESIAN_POINT('',(139.976903,-49.490433,0.4));
#2652=CARTESIAN_POINT('',(139.975,-49.5,0.4));
#2653=CARTESIAN_POINT('',(139.990433,-49.476903,0.4));
#2654=CARTESIAN_POINT('',(139.976903,-49.490433,0.4));
#2655=CARTESIAN_POINT('',(140.,-49.475,0.4));
#2656=CARTESIAN_POINT('',(139.990433,-49.476903,0.4));
#2657=CARTESIAN_POINT('',(140.975,-49.475,0.4));
#2658=CARTESIAN_POINT('',(140.,-49.475,0.4));
#2659=CARTESIAN_POINT('',(140.975,-48.525,0.4));
#2660=CARTESIAN_POINT('',(140.975,-49.475,0.4));
#2661=CARTESIAN_POINT('',(137.525,-48.525,0.4));
#2662=CARTESIAN_POINT('',(140.975,-48.525,0.4));
#2663=CARTESIAN_POINT('',(137.525,-49.475,0.4));
#2664=CARTESIAN_POINT('',(137.525,-48.525,0.4));
#2665=CARTESIAN_POINT('',(138.5,-49.475,0.4));
#2666=CARTESIAN_POINT('',(137.525,-49.475,0.4));
#2667=CARTESIAN_POINT('',(138.509567,-49.476903,0.4));
#2668=CARTESIAN_POINT('',(138.5,-49.475,0.4));
#2669=CARTESIAN_POINT('',(138.523097,-49.490433,0.4));
#2670=CARTESIAN_POINT('',(138.509567,-49.476903,0.4));
#2671=CARTESIAN_POINT('',(138.525,-49.5,0.4));
#2672=CARTESIAN_POINT('',(138.523097,-49.490433,0.4));
#2673=CARTESIAN_POINT('',(138.525,-52.,0.4));
#2674=CARTESIAN_POINT('',(138.525,-49.5,0.4));
#2675=CARTESIAN_POINT('',(138.523097,-52.009567,0.4));
#2676=CARTESIAN_POINT('',(138.525,-52.,0.4));
#2677=CARTESIAN_POINT('',(138.509567,-52.023097,0.4));
#2678=CARTESIAN_POINT('',(138.523097,-52.009567,0.4));
#2679=CARTESIAN_POINT('',(138.5,-52.025,0.4));
#2680=CARTESIAN_POINT('',(138.509567,-52.023097,0.4));
#2681=CARTESIAN_POINT('',(136.012181,-52.025,0.4));
#2682=CARTESIAN_POINT('',(138.5,-52.025,0.4));
#2683=CARTESIAN_POINT('',(127.025117,-63.50847,0.4));
#2684=CARTESIAN_POINT('',(136.012181,-52.025,0.4));
#2685=CARTESIAN_POINT('',(127.025117,-63.50847,0.4));
#2686=CARTESIAN_POINT('',(134.525,-49.0575929427628,0.4));
#2687=CARTESIAN_POINT('',(134.525,-49.0575929427628,0.4));
#2688=CARTESIAN_POINT('',(134.525,-45.525,0.4));
#2689=CARTESIAN_POINT('',(134.525,-45.525,0.4));
#2690=CARTESIAN_POINT('',(143.975,-45.525,0.4));
#2691=CARTESIAN_POINT('',(143.975,-45.525,0.4));
#2692=CARTESIAN_POINT('',(143.975,-49.025,0.4));
#2693=CARTESIAN_POINT('',(143.975,-49.025,0.4));
#2694=CARTESIAN_POINT('',(144.271185644561,-49.025,0.4));
#2695=CARTESIAN_POINT('',(144.271185644561,-49.025,0.4));
#2696=CARTESIAN_POINT('',(156.975,-62.3062578868918,0.4));
#2697=CARTESIAN_POINT('',(156.975,-62.3062578868918,0.4));
#2698=CARTESIAN_POINT('',(156.975,-63.7083054626773,0.4));
#2699=CARTESIAN_POINT('',(156.975,-63.7083054626773,0.4));
#2700=CARTESIAN_POINT('',(157.028101439009,-63.9787909176292,0.4));
#2701=CARTESIAN_POINT('',(157.028101439009,-63.9787909176292,0.4));
#2702=CARTESIAN_POINT('',(156.978557092145,-64.2512848249292,0.4));
#2703=CARTESIAN_POINT('Origin',(156.978557092145,-64.2512848249292,0.4));
#2704=CARTESIAN_POINT('',(157.028101439009,-63.9787909176292,0.4));
#2705=CARTESIAN_POINT('Origin',(157.028101439009,-63.9787909176292,0.4));
#2706=CARTESIAN_POINT('',(156.975,-63.7083054626773,0.4));
#2707=CARTESIAN_POINT('Origin',(156.975,-63.7083054626773,0.4));
#2708=CARTESIAN_POINT('',(156.975,-62.3062578868918,0.4));
#2709=CARTESIAN_POINT('Origin',(156.975,-62.3062578868918,0.4));
#2710=CARTESIAN_POINT('',(144.271185644561,-49.025,0.4));
#2711=CARTESIAN_POINT('Origin',(144.271185644561,-49.025,0.4));
#2712=CARTESIAN_POINT('',(143.975,-49.025,0.4));
#2713=CARTESIAN_POINT('Origin',(143.975,-49.025,0.4));
#2714=CARTESIAN_POINT('',(143.975,-45.525,0.4));
#2715=CARTESIAN_POINT('Origin',(143.975,-45.525,0.4));
#2716=CARTESIAN_POINT('',(134.525,-45.525,0.4));
#2717=CARTESIAN_POINT('Origin',(134.525,-45.525,0.4));
#2718=CARTESIAN_POINT('',(134.525,-49.0575929427628,0.4));
#2719=CARTESIAN_POINT('Origin',(134.525,-49.0575929427628,0.4));
#2720=CARTESIAN_POINT('Origin',(140.975,-48.525,0.4));
#2721=CARTESIAN_POINT('',(140.975,-49.475,0.4));
#2722=CARTESIAN_POINT('',(140.975,-48.525,0.4));
#2723=CARTESIAN_POINT('Origin',(140.975,-49.475,0.4));
#2724=CARTESIAN_POINT('',(140.,-49.475,0.4));
#2725=CARTESIAN_POINT('Origin',(140.,-49.475,0.4));
#2726=CARTESIAN_POINT('',(139.990433,-49.476903,0.4));
#2727=CARTESIAN_POINT('Origin',(139.990433,-49.476903,0.4));
#2728=CARTESIAN_POINT('',(139.976903,-49.490433,0.4));
#2729=CARTESIAN_POINT('Origin',(139.976903,-49.490433,0.4));
#2730=CARTESIAN_POINT('',(139.975,-49.5,0.4));
#2731=CARTESIAN_POINT('Origin',(139.975,-49.5,0.4));
#2732=CARTESIAN_POINT('',(139.975,-52.,0.4));
#2733=CARTESIAN_POINT('Origin',(139.975,-52.,0.4));
#2734=CARTESIAN_POINT('',(139.976903,-52.009567,0.4));
#2735=CARTESIAN_POINT('Origin',(139.976903,-52.009567,0.4));
#2736=CARTESIAN_POINT('',(139.990433,-52.023097,0.4));
#2737=CARTESIAN_POINT('Origin',(139.990433,-52.023097,0.4));
#2738=CARTESIAN_POINT('',(140.,-52.025,0.4));
#2739=CARTESIAN_POINT('Origin',(140.,-52.025,0.4));
#2740=CARTESIAN_POINT('',(142.989317,-52.025,0.4));
#2741=CARTESIAN_POINT('Origin',(142.989317,-52.025,0.4));
#2742=CARTESIAN_POINT('',(153.975,-63.51003,0.4));
#2743=CARTESIAN_POINT('Origin',(153.975,-63.51003,0.4));
#2744=CARTESIAN_POINT('',(153.975,-64.,0.4));
#2745=CARTESIAN_POINT('Origin',(153.975,-64.,0.4));
#2746=CARTESIAN_POINT('',(153.975032,-64.000163,0.4));
#2747=CARTESIAN_POINT('Origin',(153.975032,-64.000163,0.4));
#2748=CARTESIAN_POINT('Origin',(127.524809,-100.485731,0.4));
#2749=CARTESIAN_POINT('',(127.025117,-63.50847,0.4));
#2750=CARTESIAN_POINT('Origin',(127.025117,-63.50847,0.4));
#2751=CARTESIAN_POINT('',(136.012181,-52.025,0.4));
#2752=CARTESIAN_POINT('Origin',(136.012181,-52.025,0.4));
#2753=CARTESIAN_POINT('',(138.5,-52.025,0.4));
#2754=CARTESIAN_POINT('Origin',(138.5,-52.025,0.4));
#2755=CARTESIAN_POINT('',(138.509567,-52.023097,0.4));
#2756=CARTESIAN_POINT('Origin',(138.509567,-52.023097,0.4));
#2757=CARTESIAN_POINT('',(138.523097,-52.009567,0.4));
#2758=CARTESIAN_POINT('Origin',(138.523097,-52.009567,0.4));
#2759=CARTESIAN_POINT('',(138.525,-52.,0.4));
#2760=CARTESIAN_POINT('Origin',(138.525,-52.,0.4));
#2761=CARTESIAN_POINT('',(138.525,-49.5,0.4));
#2762=CARTESIAN_POINT('Origin',(138.525,-49.5,0.4));
#2763=CARTESIAN_POINT('',(138.523097,-49.490433,0.4));
#2764=CARTESIAN_POINT('Origin',(138.523097,-49.490433,0.4));
#2765=CARTESIAN_POINT('',(138.509567,-49.476903,0.4));
#2766=CARTESIAN_POINT('Origin',(138.509567,-49.476903,0.4));
#2767=CARTESIAN_POINT('',(138.5,-49.475,0.4));
#2768=CARTESIAN_POINT('Origin',(138.5,-49.475,0.4));
#2769=CARTESIAN_POINT('',(137.525,-49.475,0.4));
#2770=CARTESIAN_POINT('Origin',(137.525,-49.475,0.4));
#2771=CARTESIAN_POINT('',(137.525,-48.525,0.4));
#2772=CARTESIAN_POINT('Origin',(137.525,-48.525,0.4));
#2773=UNCERTAINTY_MEASURE_WITH_UNIT(LENGTH_MEASURE(0.01),#2777,
'DISTANCE_ACCURACY_VALUE',
'Maximum model space distance between geometric entities at asserted c
onnectivities');
#2774=UNCERTAINTY_MEASURE_WITH_UNIT(LENGTH_MEASURE(0.01),#2777,
'DISTANCE_ACCURACY_VALUE',
'Maximum model space distance between geometric entities at asserted c
onnectivities');
#2775=(
GEOMETRIC_REPRESENTATION_CONTEXT(3)
GLOBAL_UNCERTAINTY_ASSIGNED_CONTEXT((#2773))
GLOBAL_UNIT_ASSIGNED_CONTEXT((#2777,#2779,#2780))
REPRESENTATION_CONTEXT('','3D')
);
#2776=(
GEOMETRIC_REPRESENTATION_CONTEXT(3)
GLOBAL_UNCERTAINTY_ASSIGNED_CONTEXT((#2774))
GLOBAL_UNIT_ASSIGNED_CONTEXT((#2777,#2779,#2780))
REPRESENTATION_CONTEXT('','3D')
);
#2777=(
LENGTH_UNIT()
NAMED_UNIT(*)
SI_UNIT(.MILLI.,.METRE.)
);
#2778=(
LENGTH_UNIT()
NAMED_UNIT(*)
SI_UNIT($,.METRE.)
);
#2779=(
NAMED_UNIT(*)
PLANE_ANGLE_UNIT()
SI_UNIT($,.RADIAN.)
);
#2780=(
NAMED_UNIT(*)
SI_UNIT($,.STERADIAN.)
SOLID_ANGLE_UNIT()
);
#2781=SHAPE_DEFINITION_REPRESENTATION(#2782,#2783);
#2782=PRODUCT_DEFINITION_SHAPE('',$,#2785);
#2783=SHAPE_REPRESENTATION('',(#1769),#2775);
#2784=PRODUCT_DEFINITION_CONTEXT('part definition',#2789,'design');
#2785=PRODUCT_DEFINITION('2026-09-06-12-23-15-021','PCB',#2786,#2784);
#2786=PRODUCT_DEFINITION_FORMATION('',$,#2791);
#2787=PRODUCT_RELATED_PRODUCT_CATEGORY('PCB','PCB',(#2791));
#2788=APPLICATION_PROTOCOL_DEFINITION('international standard',
'automotive_design',2009,#2789);
#2789=APPLICATION_CONTEXT(
'Core Data for Automotive Mechanical Design Process');
#2790=PRODUCT_CONTEXT('part definition',#2789,'mechanical');
#2791=PRODUCT('2026-09-06-12-23-15-021','PCB',$,(#2790));
#2792=PRESENTATION_STYLE_ASSIGNMENT((#2793));
#2793=SURFACE_STYLE_USAGE(.BOTH.,#2794);
#2794=SURFACE_SIDE_STYLE('',(#2795));
#2795=SURFACE_STYLE_FILL_AREA(#2796);
#2796=FILL_AREA_STYLE('Steel - Satin',(#2797));
#2797=FILL_AREA_STYLE_COLOUR('Steel - Satin',#2798);
#2798=COLOUR_RGB('Steel - Satin',0.627450980392157,0.627450980392157,0.627450980392157);
ENDSEC;
END-ISO-10303-21;
